StartDate,EndDate,Status,IPAddress,Progress,Duration (in seconds),Finished,RecordedDate,ResponseId,RecipientLastName,RecipientFirstName,RecipientEmail,ExternalReference,LocationLatitude,LocationLongitude,DistributionChannel,UserLanguage,Toestemming,Q1,Q2,Q3,Q3_10_TEXT,Q4_1,Q4_2,Q6,Q21,Q5_1,Q5_2,Q5_3,Q7_1,Q7_2,Q7_3,Q7_4,Q7_5,Q7_6,Q8_1,Q8_2,Q9_1,Q9_2,Q9_3,Q9_4,Q9_5,Q9_6,Q9_7,Q9_8,Q11_1,Q11_2,Q11_3,Q11_4,Q12_1,Q12_2,Q12_3,Q12_4,Q12_5,Q12_6,Q12_7,Q12_8,Q13_1,Q13_2,Q13_3,Q13_4,Random
Start Date,End Date,Response Type,IP Address,Progress,Duration (in seconds),Finished,Recorded Date,Response ID,Recipient Last Name,Recipient First Name,Recipient Email,External Data Reference,Location Latitude,Location Longitude,Distribution Channel,User Language,"Beste deelnemer,

 

Dit onderzoek gaat over jouw voorkeuren over reizen in het algemeen. De KlimaatHelpdesk, een website, heeft een artikel geschreven over de impact van reizen op het milieu. Door middel van dit onderzoek proberen wij de website ""de KlimaatHelpdesk"" te optimaliseren. In deze brief geven wij je informatie over het onderzoek en aan het einde vragen we of je aan het onderzoek wilt meedoen.

Wat ga jij doen in het onderzoek?

Om mee te doen aan dit onderzoek lees je eerst een korte tekst en vul je daarna de vragenlijst in. Je antwoorden op de vragenlijst zullen worden bewaard. Je deelname is vertrouwelijk en vrijwillig. Jouw identiteit en de onderzoeksgegevens bewaren we altijd gescheiden en alleen de hoofdonderzoeker heeft de sleutel om ze aan elkaar te koppelen. De gegevens worden geanonimiseerd zodat ze op geen enkele wijze op jou terug te leiden zijn. Ze worden gebruikt in een (wetenschappelijke) publicatie over het onderzoek. Je neemt geheel vrijblijvend aan dit onderzoek deel. Je kunt op elk moment je deelname beëindigen, door te stoppen met het invullen van de vragenlijst. Als je zorgen hebt over de manier waarop met privacy wordt omgegaan, kun je dit melden via privacy@uu.nl.

Toestemming

Als je wilt deelnemen, klik je hieronder op akkoord. Mocht je nu of achteraf vragen hebben over dit onderzoek dan kun je contact opnemen met Anna Leerink, a.leerink@uu.nl

 

Met vriendelijke groeten,

Anna Leerink Universiteit

Utrecht

E-mail a.leerink@uu.nl

 

P.S.: This survey contains credits to get free survey responses at SurveySwap.io

 

Ik verklaar hierbij dat ik bovenstaande informatie heb gelezen en geef de onderzoekers toestemming om de resultaten op anonieme wijze te bewaren, verwerken en rapporteren.",Wat is je geboortejaar?,Ik ben,Wat is je laatst voltooide opleiding? - Selected Choice,Wat is je laatst voltooide opleiding? - Anders: - Text,Stel je gaat volgende week op vakantie naar Milaan. Hoe waarschijnlijk is het dat je dan reist met ... - het vliegtuig,Stel je gaat volgende week op vakantie naar Milaan. Hoe waarschijnlijk is het dat je dan reist met ... - de trein,Hoe vaak ben je het afgelopen jaar op vakantie gegaan?,Hoe veel van die vakanties waren met het vliegtuig?,Lees de zin en kies het antwoord dat het beste bij jou past. - Ik vind het belangrijk om na te denken over de impact van mijn reis op het klimaat,Lees de zin en kies het antwoord dat het beste bij jou past. - De impact van reizen op het klimaat is een onderwerp waar ik meer over zou willen weten.,Lees de zin en kies het antwoord dat het beste bij jou past. - De impact van reizen op het klimaat is een belangrijk onderwerp.,"We willen graag weten wat jij van wetenschap en onderzoek weet en hoe je er over denkt. We hebben het dan over wetenschap in de brede zin. Vragen stellen, nieuwsgierig zijn, oplossingen zoeken, experimenteren en nieuwe dingen ontdekken horen bij onderzoek doen. Wetenschap kan bijvoorbeeld te maken hebben met de natuur, de ruimte, mensen, taal en het klimaat.

 

Lees de zin en kies het antwoord dat het beste bij jou past. - Ik ben in het algemeen op de hoogte over wetenschappelijke ontwikkelingen","We willen graag weten wat jij van wetenschap en onderzoek weet en hoe je er over denkt. We hebben het dan over wetenschap in de brede zin. Vragen stellen, nieuwsgierig zijn, oplossingen zoeken, experimenteren en nieuwe dingen ontdekken horen bij onderzoek doen. Wetenschap kan bijvoorbeeld te maken hebben met de natuur, de ruimte, mensen, taal en het klimaat.

 

Lees de zin en kies het antwoord dat het beste bij jou past. - Ik heb interesse in de inzichten en methodes uit de wetenschap.","We willen graag weten wat jij van wetenschap en onderzoek weet en hoe je er over denkt. We hebben het dan over wetenschap in de brede zin. Vragen stellen, nieuwsgierig zijn, oplossingen zoeken, experimenteren en nieuwe dingen ontdekken horen bij onderzoek doen. Wetenschap kan bijvoorbeeld te maken hebben met de natuur, de ruimte, mensen, taal en het klimaat.

 

Lees de zin en kies het antwoord dat het beste bij jou past. - Ik doe soms dingen waarbij ik iets kan leren over wetenschap, zoals een museum bezoeken, informatie op internet opzoeken, televisie of video’s kijken over wetenschap.","We willen graag weten wat jij van wetenschap en onderzoek weet en hoe je er over denkt. We hebben het dan over wetenschap in de brede zin. Vragen stellen, nieuwsgierig zijn, oplossingen zoeken, experimenteren en nieuwe dingen ontdekken horen bij onderzoek doen. Wetenschap kan bijvoorbeeld te maken hebben met de natuur, de ruimte, mensen, taal en het klimaat.

 

Lees de zin en kies het antwoord dat het beste bij jou past. - Ik praat regelmatig over wetenschap met anderen in mijn studie, baan of vrije tijd.","We willen graag weten wat jij van wetenschap en onderzoek weet en hoe je er over denkt. We hebben het dan over wetenschap in de brede zin. Vragen stellen, nieuwsgierig zijn, oplossingen zoeken, experimenteren en nieuwe dingen ontdekken horen bij onderzoek doen. Wetenschap kan bijvoorbeeld te maken hebben met de natuur, de ruimte, mensen, taal en het klimaat.

 

Lees de zin en kies het antwoord dat het beste bij jou past. - Ik vind over het algemeen dat wetenschappers betrouwbaar zijn.","We willen graag weten wat jij van wetenschap en onderzoek weet en hoe je er over denkt. We hebben het dan over wetenschap in de brede zin. Vragen stellen, nieuwsgierig zijn, oplossingen zoeken, experimenteren en nieuwe dingen ontdekken horen bij onderzoek doen. Wetenschap kan bijvoorbeeld te maken hebben met de natuur, de ruimte, mensen, taal en het klimaat.

 

Lees de zin en kies het antwoord dat het beste bij jou past. - Ik vind het belangrijk dat wetenschappers een deel van hun tijd besteden aan communicatie over hun onderzoek.",Hoe heb je de tekst ervaren? - Zakelijk:Persoonlijk,Hoe heb je de tekst ervaren? - Formeel:Informeel,"We zijn benieuwd hoe het lezen van de tekst jou heeft beïnvloed. Beantwoord de volgende vragen door de cirkel te kiezen die het beste bij jouw gevoel past.

 

Hoe voel je je na het lezen van de tekst? - Gelukkig:Ongelukkig","We zijn benieuwd hoe het lezen van de tekst jou heeft beïnvloed. Beantwoord de volgende vragen door de cirkel te kiezen die het beste bij jouw gevoel past.

 

Hoe voel je je na het lezen van de tekst? - Verveeld:Ontspannen","We zijn benieuwd hoe het lezen van de tekst jou heeft beïnvloed. Beantwoord de volgende vragen door de cirkel te kiezen die het beste bij jouw gevoel past.

 

Hoe voel je je na het lezen van de tekst? - Hopeloos:Hoopvol","We zijn benieuwd hoe het lezen van de tekst jou heeft beïnvloed. Beantwoord de volgende vragen door de cirkel te kiezen die het beste bij jouw gevoel past.

 

Hoe voel je je na het lezen van de tekst? - Tevreden:Ontevreden","We zijn benieuwd hoe het lezen van de tekst jou heeft beïnvloed. Beantwoord de volgende vragen door de cirkel te kiezen die het beste bij jouw gevoel past.

 

Hoe voel je je na het lezen van de tekst? - Saai:Spannend","We zijn benieuwd hoe het lezen van de tekst jou heeft beïnvloed. Beantwoord de volgende vragen door de cirkel te kiezen die het beste bij jouw gevoel past.

 

Hoe voel je je na het lezen van de tekst? - Vol energie:Heel duf","We zijn benieuwd hoe het lezen van de tekst jou heeft beïnvloed. Beantwoord de volgende vragen door de cirkel te kiezen die het beste bij jouw gevoel past.

 

Hoe voel je je na het lezen van de tekst? - Kalm:Opgewonden","We zijn benieuwd hoe het lezen van de tekst jou heeft beïnvloed. Beantwoord de volgende vragen door de cirkel te kiezen die het beste bij jouw gevoel past.

 

Hoe voel je je na het lezen van de tekst? - Interessant:Niet interessant",Lees de zin en kies het antwoord dat het beste bij jou past. - Door  de tekst te lezen heb ik iets nieuws geleerd over de impact van reizen op het klimaat.,Lees de zin en kies het antwoord dat het beste bij jou past. - Na het lezen van de tekst wil ik meer weten over de impact van reizen op het klimaat,Lees de zin en kies het antwoord dat het beste bij jou past. - Door het lezen van de tekst is mijn mening over vliegen en/of treinreizen veranderd.,Lees de zin en kies het antwoord dat het beste bij jou past. - In de toekomst wil ik vaker zulke teksten lezen - Ook als ze over andere wetenschappelijke onderwerpen gaan.,Vink bij elke stelling aan wat je van de schrijver van het artikel vond. - Was helemaal niet competent:Helemaal wel competent,Vink bij elke stelling aan wat je van de schrijver van het artikel vond. - Was helemaal geen expert:Helemaal wel expert,Vink bij elke stelling aan wat je van de schrijver van het artikel vond. - Was helemaal niet intelligent:Helemaal wel intelligent,Vink bij elke stelling aan wat je van de schrijver van het artikel vond. - Was helemaal niet betrouwbaar:Helemaal wel betrouwbaar,Vink bij elke stelling aan wat je van de schrijver van het artikel vond. - Was helemaal niet eerlijk:Helemaal wel eerlijk,Vink bij elke stelling aan wat je van de schrijver van het artikel vond. - Geeft veel om de maatschappij:Geeft totaal niet om de maatschappij,Vink bij elke stelling aan wat je van de schrijver van het artikel vond. - Maakt zich zorgen om de maatschappij:Maakt zich totaal geen zorgen om de maatschappij,Vink bij elke stelling aan wat je van de schrijver van het artikel vond. - Was helemaal niet gevoelig:Helemaal wel gevoelig,Lees de zin en kies wat jij het beste vindt passen - Het doel van de tekst is om mensen te overtuigen om in actie te komen tegen klimaatverandering,Lees de zin en kies wat jij het beste vindt passen - Het doel van de tekst is om onpartijdige informatie te geven over het reizen met het vliegtuig en de trein,Lees de zin en kies wat jij het beste vindt passen - De inhoud van de tekst is door de schrijver gevormd op basis van wetenschappelijke kennis over de impact van reizen met het vliegtuig en de trein op het milieu,Lees de zin en kies wat jij het beste vindt passen - De inhoud van de tekst is gevormd door de persoonlijke mening van de schrijver over de impact van reizen met het vliegtuig en de trein op het milieu,Random
"{""ImportId"":""startDate"",""timeZone"":""America/Denver""}","{""ImportId"":""endDate"",""timeZone"":""America/Denver""}","{""ImportId"":""status""}","{""ImportId"":""ipAddress""}","{""ImportId"":""progress""}","{""ImportId"":""duration""}","{""ImportId"":""finished""}","{""ImportId"":""recordedDate"",""timeZone"":""America/Denver""}","{""ImportId"":""_recordId""}","{""ImportId"":""recipientLastName""}","{""ImportId"":""recipientFirstName""}","{""ImportId"":""recipientEmail""}","{""ImportId"":""externalDataReference""}","{""ImportId"":""locationLatitude""}","{""ImportId"":""locationLongitude""}","{""ImportId"":""distributionChannel""}","{""ImportId"":""userLanguage""}","{""ImportId"":""QID8""}","{""ImportId"":""QID1""}","{""ImportId"":""QID2""}","{""ImportId"":""QID3""}","{""ImportId"":""QID3_10_TEXT""}","{""ImportId"":""QID9_1""}","{""ImportId"":""QID9_2""}","{""ImportId"":""QID11""}","{""ImportId"":""QID21""}","{""ImportId"":""QID10_1""}","{""ImportId"":""QID10_2""}","{""ImportId"":""QID10_3""}","{""ImportId"":""QID4_1""}","{""ImportId"":""QID4_2""}","{""ImportId"":""QID4_3""}","{""ImportId"":""QID4_4""}","{""ImportId"":""QID4_5""}","{""ImportId"":""QID4_6""}","{""ImportId"":""QID12_1""}","{""ImportId"":""QID12_2""}","{""ImportId"":""QID5_1""}","{""ImportId"":""QID5_2""}","{""ImportId"":""QID5_3""}","{""ImportId"":""QID5_4""}","{""ImportId"":""QID5_5""}","{""ImportId"":""QID5_6""}","{""ImportId"":""QID5_7""}","{""ImportId"":""QID5_8""}","{""ImportId"":""QID7_1""}","{""ImportId"":""QID7_2""}","{""ImportId"":""QID7_3""}","{""ImportId"":""QID7_4""}","{""ImportId"":""QID13_1""}","{""ImportId"":""QID13_2""}","{""ImportId"":""QID13_3""}","{""ImportId"":""QID13_4""}","{""ImportId"":""QID13_5""}","{""ImportId"":""QID13_6""}","{""ImportId"":""QID13_7""}","{""ImportId"":""QID13_8""}","{""ImportId"":""QID14_1""}","{""ImportId"":""QID14_2""}","{""ImportId"":""QID14_3""}","{""ImportId"":""QID14_4""}","{""ImportId"":""Random""}"
2023-06-20 02:23:02,2023-06-20 02:30:28,IP Address,,100,446,True,2023-06-20 02:30:29,R_3NQYaUwXuird9su,,,,,,,anonymous,EN,Ja,2004,Man,Basisschool,,Heel waarschijnlijk,Neutraal,3 keer of meer,2 keer,Neutraal,Mee eens,Helemaal mee eens,Eens,Neutraal,Neutraal,Eens,Eens,Neutraal,5,5,6,4,5,5,4,4,7,7,Eens,Neutraal,Neutraal,Eens,4,5,5,4,3,5,2,2,Een beetje eens,Een beetje eens,Neutraal,Neutraal,1
2023-06-21 06:43:47,2023-06-21 06:45:47,IP Address,,100,120,True,2023-06-21 06:45:48,R_1LSUkvIAiqpioHg,,,,,,,anonymous,EN,Ja,2002,Man,havo,,Heel waarschijnlijk,Heel waarschijnlijk,2 keer,1 keer,Helemaal mee eens,Helemaal mee eens,Mee eens,Eens,Helemaal eens,Niet eens,Neutraal,Neutraal,Eens,4,5,7,3,7,4,5,5,3,7,Eens,Niet eens,Helemaal eens,Helemaal niet eens,6,5,5,1,6,6,7,7,Een beetje eens,Een beetje eens,Helemaal mee eens,Niet mee eens,2
2023-06-21 06:43:40,2023-06-21 06:50:41,IP Address,,100,420,True,2023-06-21 06:50:41,R_2du2lRo1QwkaqcV,,,,,,,anonymous,EN,Ja,7,Man,vwo,,Waarschijnlijk,Onwaarschijnlijk,1 keer,1 keer,Mee eens,Niet mee eens,Mee eens,Eens,Niet eens,Eens,Neutraal,Eens,Eens,6,7,7,3,5,5,4,8,4,8,Niet eens,Niet eens,Niet eens,Niet eens,5,3,5,6,5,2,3,5,Een beetje eens,Niet mee eens,Een beetje eens,Niet mee eens,3
2023-06-21 10:31:28,2023-06-21 10:32:34,IP Address,,100,66,True,2023-06-21 10:32:35,R_1CJXyqrnNN2uuCX,,,,,,,anonymous,EN,Nee,2003,Man,havo,,Heel waarschijnlijk,Neutraal,3 keer of meer,3 keer of meer,Mee eens,Mee eens,Mee eens,Eens,Eens,Eens,Niet eens,Eens,Eens,3,7,6,6,6,6,6,6,6,6,Neutraal,Neutraal,Neutraal,Neutraal,5,4,4,5,3,3,3,5,Een beetje oneens,Neutraal,Neutraal,Neutraal,1
2023-06-21 10:30:47,2023-06-21 10:35:24,IP Address,,100,276,True,2023-06-21 10:35:25,R_2Y3vrQNRrGbnJyy,,,,,,,anonymous,EN,Ja,2002,Man,vwo,,Waarschijnlijk,Neutraal,3 keer of meer,2 keer,Mee eens,Neutraal,Mee eens,Niet eens,Eens,Niet eens,Niet eens,Eens,Eens,4,3,5,8,6,4,5,6,4,4,Eens,Eens,Eens,Niet eens,3,5,5,5,4,3,2,5,Mee eens,Mee eens,Een beetje eens,Neutraal,3
2023-06-22 03:26:20,2023-06-22 03:33:35,IP Address,,100,434,True,2023-06-22 03:33:36,R_6xu7QfTdhblmPrH,,,,,,,anonymous,EN,Ja,2003,Man,havo,,Heel waarschijnlijk,Neutraal,1 keer,1 keer,Niet mee eens,Mee eens,Niet mee eens,Eens,Eens,Eens,Eens,Eens,Eens,4,4,5,4,7,4,5,6,4,8,Niet eens,Neutraal,Eens,Neutraal,6,2,3,3,4,5,3,5,Een beetje oneens,Neutraal,Een beetje eens,Een beetje oneens,2
2023-06-15 06:39:49,2023-06-15 06:41:30,IP Address,,53,101,False,2023-06-22 06:41:31,R_2SIyWNeuk3Kdqd1,,,,,,,anonymous,EN,Ja,2003,Vrouw,mavo,,Heel waarschijnlijk,Neutraal,1 keer,2 keer,Helemaal mee eens,Mee eens,Mee eens,Helemaal eens,Eens,Helemaal eens,Eens,Eens,Eens,,,,,,,,,,,,,,,,,,,,,,,,,,,2
2023-06-22 15:20:04,2023-06-22 15:26:16,IP Address,,100,372,True,2023-06-22 15:26:17,R_AHRrzdOmbXKIT3b,,,,,,,anonymous,EN,Ja,7,Man,vwo,,Waarschijnlijk,Neutraal,3 keer of meer,0 keer,Neutraal,Mee eens,Helemaal mee eens,Niet eens,Eens,Helemaal eens,Niet eens,Helemaal eens,Eens,2,2,3,9,8,2,8,3,8,2,Helemaal eens,Eens,Eens,Helemaal eens,5,6,6,6,6,2,2,4,Niet mee eens,Mee eens,Mee eens,Helemaal niet mee eens,1
2023-06-19 04:33:28,2023-06-19 04:34:44,IP Address,,91,76,False,2023-06-26 04:34:52,R_XR47fNdUd1Q1809,,,,,,,anonymous,EN,Ja,2002,Man,Geen,,Waarschijnlijk,Neutraal,1 keer,1 keer,Mee eens,Neutraal,Helemaal mee eens,Helemaal eens,Eens,Helemaal eens,Helemaal eens,Helemaal eens,Eens,10,9,,,,,,,,,,,,,,,,,,,,,,,,,3
2023-07-04 07:35:45,2023-07-04 07:43:44,IP Address,,100,478,True,2023-07-04 07:43:45,R_3Pzq7DO3OBajw3G,,,,,,,anonymous,EN,Ja,7,Man,havo,,Waarschijnlijk,Onwaarschijnlijk,2 keer,0 keer,Neutraal,Mee eens,Helemaal mee eens,Neutraal,Eens,Niet eens,Eens,Eens,Helemaal eens,6,5,7,4,5,6,4,7,3,6,Eens,Neutraal,Niet eens,Niet eens,4,4,4,4,4,4,4,4,Mee eens,Een beetje oneens,Neutraal,Niet mee eens,3
2023-07-06 11:20:09,2023-07-06 11:23:40,IP Address,,100,211,True,2023-07-06 11:23:41,R_27KBcjWXg9ePm5X,,,,,,,anonymous,EN,Ja,7,Man,mbo,,Waarschijnlijk,Onwaarschijnlijk,3 keer of meer,0 keer,Neutraal,Neutraal,Mee eens,Eens,Eens,Helemaal eens,Eens,Eens,Eens,5,5,4,7,5,8,7,7,7,3,Eens,Eens,Neutraal,Neutraal,4,4,6,6,5,5,6,4,Niet mee eens,Een beetje oneens,Niet mee eens,Neutraal,2
2023-07-10 07:04:32,2023-07-10 07:08:40,IP Address,,100,247,True,2023-07-10 07:08:40,R_ClweBf0jDDNGMeZ,,,,,,,anonymous,EN,Ja,1996,Man,Universiteit,,Waarschijnlijk,Onwaarschijnlijk,2 keer,1 keer,Neutraal,Niet mee eens,Mee eens,Eens,Helemaal eens,Eens,Neutraal,Helemaal eens,Eens,4,4,7,3,6,7,2,7,3,5,Eens,Niet eens,Helemaal niet eens,Niet eens,6,4,6,6,5,3,2,4,Een beetje eens,Helemaal mee eens,Mee eens,Niet mee eens,1
2023-07-10 07:14:38,2023-07-10 07:24:21,IP Address,,100,582,True,2023-07-10 07:24:22,R_s88sK8Bw8t1nOZX,,,,,,,anonymous,EN,Ja,1995,Vrouw,Universiteit,,Heel waarschijnlijk,Onwaarschijnlijk,2 keer,1 keer,Mee eens,Mee eens,Helemaal mee eens,Eens,Eens,Helemaal eens,Eens,Eens,Eens,4,4,5,5,5,4,5,6,5,4,Eens,Neutraal,Neutraal,Neutraal,4,4,5,5,5,2,3,5,Een beetje eens,Neutraal,Mee eens,Neutraal,2
2023-07-10 15:15:08,2023-07-10 15:19:52,IP Address,,100,284,True,2023-07-10 15:19:53,R_31WxZrSN3UwQk85,,,,,,,anonymous,EN,Ja,1999,Vrouw,Universiteit,,Heel waarschijnlijk,Waarschijnlijk,1 keer,0 keer,Mee eens,Mee eens,Helemaal mee eens,Neutraal,Eens,Eens,Eens,Neutraal,Helemaal eens,6,6,6,8,8,5,7,5,4,3,Helemaal eens,Eens,Helemaal eens,Eens,5,4,6,5,5,2,2,5,Mee eens,Helemaal mee eens,Mee eens,Mee eens,3
2023-07-12 01:59:29,2023-07-12 02:05:06,IP Address,,100,336,True,2023-07-12 02:05:06,R_0VbkvutM0lzkLMR,,,,,,,anonymous,EN,Ja,1998,Vrouw,havo,,Waarschijnlijk,Onwaarschijnlijk,1 keer,0 keer,Mee eens,Mee eens,Mee eens,Eens,Eens,Eens,Eens,Helemaal eens,Helemaal eens,5,4,6,5,5,4,5,6,3,4,Neutraal,Niet eens,Niet eens,Niet eens,6,4,6,6,6,4,4,4,Een beetje oneens,Mee eens,Mee eens,Een beetje eens,1
2023-07-12 07:34:34,2023-07-12 07:38:05,IP Address,,100,210,True,2023-07-12 07:38:06,R_3ffmbnVFKUonQkG,,,,,,,anonymous,EN,Ja,1996,Vrouw,Universiteit,,Waarschijnlijk,Neutraal,0 keer,0 keer,Neutraal,Mee eens,Mee eens,Eens,Eens,Eens,Eens,Eens,Eens,6,6,4,6,6,5,5,4,4,3,Eens,Eens,Eens,Eens,5,5,5,5,5,3,3,4,Mee eens,Een beetje eens,Een beetje eens,Een beetje eens,3
2023-07-13 01:58:09,2023-07-13 02:02:28,IP Address,,100,258,True,2023-07-13 02:02:29,R_21mO57fNdRLIRQA,,,,,,,anonymous,EN,Ja,1999,Vrouw,Universiteit,,Heel waarschijnlijk,Onwaarschijnlijk,2 keer,1 keer,Niet mee eens,Neutraal,Mee eens,Eens,Eens,Helemaal eens,Helemaal eens,Neutraal,Eens,4,4,7,4,5,6,4,5,5,6,Eens,Niet eens,Helemaal niet eens,Neutraal,4,4,4,4,4,4,4,4,Mee eens,Een beetje eens,Neutraal,Neutraal,1
2023-07-13 04:28:47,2023-07-13 04:36:15,IP Address,,100,448,True,2023-07-13 04:36:15,R_uxqkxYpdsY6px5L,,,,,,,anonymous,EN,Ja,2003,Vrouw,vwo,,Waarschijnlijk,Waarschijnlijk,3 keer of meer,1 keer,Mee eens,Niet mee eens,Mee eens,Helemaal eens,Helemaal eens,Helemaal eens,Helemaal eens,Helemaal eens,Helemaal eens,2,7,4,2,7,3,2,8,2,9,Niet eens,Niet eens,Helemaal niet eens,Niet eens,5,6,7,6,5,1,2,6,Helemaal mee eens,Een beetje eens,Helemaal mee eens,Mee eens,3
2023-07-13 04:51:35,2023-07-13 04:53:27,IP Address,,100,111,True,2023-07-13 04:53:28,R_3R2UwEn5hYwVw4C,,,,,,,anonymous,EN,Ja,1996,Vrouw,mbo,,Heel waarschijnlijk,Heel onwaarschijnlijk,0 keer,0 keer,Helemaal mee eens,Helemaal mee eens,Helemaal mee eens,Niet eens,Neutraal,Neutraal,Niet eens,Eens,Neutraal,1,1,10,1,1,10,1,10,1,10,Eens,Neutraal,Neutraal,Neutraal,3,3,3,3,5,4,1,5,Een beetje oneens,Neutraal,Een beetje eens,Helemaal mee eens,1
2023-07-13 09:59:10,2023-07-13 10:14:15,IP Address,,100,904,True,2023-07-13 10:14:15,R_3EqHj50moVO3eCJ,,,,,,,anonymous,EN,Ja,2002,Vrouw,vwo,,Waarschijnlijk,Neutraal,2 keer,1 keer,Mee eens,Neutraal,Mee eens,Eens,Eens,Eens,Neutraal,Eens,Neutraal,3,2,6,4,6,6,5,7,7,8,Eens,Neutraal,Eens,Niet eens,5,5,6,5,4,7,6,4,Mee eens,Mee eens,Een beetje eens,Mee eens,3
2023-07-13 13:10:17,2023-07-13 13:14:43,IP Address,,100,266,True,2023-07-13 13:14:43,R_2f1IuduwFGTt6Zs,,,,,,,anonymous,EN,Ja,2001,Vrouw,vwo,,Heel waarschijnlijk,Neutraal,2 keer,0 keer,Mee eens,Helemaal mee eens,Helemaal mee eens,Neutraal,Eens,Eens,Eens,Eens,Helemaal eens,3,3,7,6,4,7,4,7,4,3,Helemaal eens,Eens,Neutraal,Neutraal,6,5,6,6,6,2,2,5,Een beetje eens,Mee eens,Mee eens,Mee eens,2
2023-07-14 14:28:09,2023-07-14 14:37:41,IP Address,,100,572,True,2023-07-14 14:37:42,R_1NsKiZwkDgR3g53,,,,,,,anonymous,EN,Ja,1998,Man,Universiteit,,Heel waarschijnlijk,Onwaarschijnlijk,1 keer,1 keer,Helemaal niet mee eens,Niet mee eens,Mee eens,Niet eens,Eens,Helemaal eens,Helemaal niet eens,Eens,Eens,4,5,5,7,6,3,4,7,3,8,Niet eens,Neutraal,Helemaal niet eens,Helemaal niet eens,6,5,6,4,4,3,2,5,Een beetje eens,Niet mee eens,Een beetje eens,Mee eens,3
2023-07-16 08:40:19,2023-07-16 17:07:40,IP Address,,100,30440,True,2023-07-16 17:07:41,R_3oEDcdI8YEObL4u,,,,,,,anonymous,EN,Ja,1996,Vrouw,Universiteit,,Waarschijnlijk,Heel onwaarschijnlijk,3 keer of meer,1 keer,Helemaal mee eens,Mee eens,Helemaal mee eens,Neutraal,Neutraal,Eens,Neutraal,Eens,Eens,2,2,7,3,4,4,4,8,3,4,Eens,Neutraal,Eens,Eens,6,6,6,5,5,2,2,3,Mee eens,Een beetje oneens,Mee eens,Niet mee eens,2
2023-07-17 06:15:28,2023-07-17 06:29:15,IP Address,,100,827,True,2023-07-17 06:29:16,R_2BlMYB7SnPaYrHN,,,,,,,anonymous,EN,Ja,2002,Vrouw,havo,,Waarschijnlijk,Waarschijnlijk,3 keer of meer,3 keer of meer,Mee eens,Neutraal,Helemaal mee eens,Niet eens,Eens,Helemaal eens,Niet eens,Eens,Eens,3,3,6,3,3,7,3,7,2,7,Eens,Neutraal,Eens,Niet eens,4,4,6,5,5,3,3,4,Mee eens,Een beetje eens,Een beetje eens,Een beetje oneens,1
2023-07-18 06:48:57,2023-07-18 06:56:12,IP Address,,100,435,True,2023-07-18 06:56:13,R_1JEqN8axOFaX5Am,,,,,,,anonymous,EN,Ja,1997,Vrouw,Universiteit,,Heel waarschijnlijk,Heel onwaarschijnlijk,3 keer of meer,3 keer of meer,Mee eens,Helemaal mee eens,Helemaal mee eens,Neutraal,Eens,Eens,Neutraal,Eens,Eens,2,2,4,2,1,6,1,9,3,8,Eens,Neutraal,Helemaal niet eens,Neutraal,6,6,6,6,6,2,1,4,Neutraal,Een beetje oneens,Mee eens,Helemaal niet mee eens,1
2023-07-18 11:45:46,2023-07-18 12:07:11,IP Address,,100,1284,True,2023-07-18 12:07:12,R_1di3F8cGQ8BPEVX,,,,,,,anonymous,EN,Ja,1999,Man,mavo,,Waarschijnlijk,Onwaarschijnlijk,2 keer,0 keer,Mee eens,Mee eens,Helemaal mee eens,Neutraal,Helemaal eens,Helemaal eens,Neutraal,Eens,Eens,4,5,5,6,6,4,7,5,5,4,Eens,Eens,Neutraal,Eens,4,5,5,5,6,3,3,5,Een beetje oneens,Mee eens,Een beetje eens,Neutraal,3
2023-07-19 09:24:23,2023-07-19 09:33:14,IP Address,,100,531,True,2023-07-19 09:33:15,R_2y8f3dmL2yQDunQ,,,,,,,anonymous,EN,Ja,1999,Man,vwo,,Heel waarschijnlijk,Onwaarschijnlijk,3 keer of meer,1 keer,Mee eens,Mee eens,Helemaal mee eens,Neutraal,Eens,Helemaal eens,Eens,Helemaal eens,Eens,7,4,7,6,3,8,7,6,5,3,Eens,Eens,Niet eens,Eens,6,4,5,4,5,3,3,3,Een beetje eens,Mee eens,Mee eens,Niet mee eens,2
2023-07-19 10:58:30,2023-07-19 11:04:05,IP Address,,100,335,True,2023-07-19 11:04:06,R_2OQ01TlGAOLD8ga,,,,,,,anonymous,EN,Ja,2000,Man,Universiteit,,Waarschijnlijk,Neutraal,3 keer of meer,2 keer,Mee eens,Neutraal,Mee eens,Neutraal,Niet eens,Eens,Eens,Eens,Neutraal,3,3,8,3,5,6,3,8,2,6,Eens,Neutraal,Neutraal,Niet eens,5,5,6,4,5,2,2,4,Een beetje eens,Een beetje oneens,Neutraal,Een beetje eens,1
2023-07-19 10:53:03,2023-07-19 11:05:17,IP Address,,100,733,True,2023-07-19 11:05:17,R_2fxL3AS0U42oQjv,,,,,,,anonymous,EN,Ja,2000,Man,havo,,Waarschijnlijk,Waarschijnlijk,2 keer,1 keer,Mee eens,Niet mee eens,Mee eens,Niet eens,Eens,Eens,Niet eens,Eens,Neutraal,6,3,6,5,7,8,7,7,5,4,Eens,Neutraal,Neutraal,Eens,6,6,6,5,4,4,4,5,Niet mee eens,Niet mee eens,Mee eens,Mee eens,3
2023-07-21 15:11:31,2023-07-21 15:13:59,IP Address,,100,148,True,2023-07-21 15:14:00,R_2zItGJ7ujA0r2tc,,,,,,,anonymous,EN,Ja,2001,Man,vwo,,Waarschijnlijk,Waarschijnlijk,3 keer of meer,0 keer,Mee eens,Neutraal,Helemaal mee eens,Eens,Eens,Helemaal eens,Neutraal,Eens,Neutraal,3,3,7,3,8,5,6,5,7,8,Niet eens,Neutraal,Neutraal,Niet eens,4,5,5,5,3,2,4,3,Niet mee eens,Een beetje eens,Neutraal,Neutraal,2
2023-07-22 12:06:33,2023-07-22 12:17:55,IP Address,,100,681,True,2023-07-22 12:17:56,R_ePeacAZjpTso5Y5,,,,,,,anonymous,EN,Ja,1997,Man,Anders:,HBO (hogeschool),Heel waarschijnlijk,Onwaarschijnlijk,2 keer,0 keer,Mee eens,Mee eens,Helemaal mee eens,Eens,Helemaal eens,Helemaal eens,Helemaal eens,Helemaal eens,Helemaal eens,2,6,5,8,6,3,8,5,3,1,Helemaal eens,Eens,Helemaal niet eens,Eens,6,6,6,7,6,4,2,5,Een beetje eens,Mee eens,Helemaal mee eens,Een beetje eens,1
2023-07-23 02:34:54,2023-07-23 02:37:47,IP Address,,100,172,True,2023-07-23 02:37:47,R_R7VLbsRsgvjdQUV,,,,,,,anonymous,EN,Ja,2001,Man,Universiteit,,Heel waarschijnlijk,Heel onwaarschijnlijk,2 keer,2 keer,Neutraal,Niet mee eens,Mee eens,Niet eens,Niet eens,Niet eens,Niet eens,Eens,Eens,1,2,8,3,3,7,4,8,3,7,Eens,Neutraal,Niet eens,Neutraal,5,6,5,6,5,2,2,5,Een beetje eens,Een beetje oneens,Een beetje oneens,Een beetje eens,3
2023-07-17 01:52:51,2023-07-17 05:01:42,IP Address,,18,11331,False,2023-07-24 05:01:45,R_2fwdUmtb1Krjagn,,,,,,,anonymous,EN,Ja,1980,Man,Universiteit,,Heel waarschijnlijk,Onwaarschijnlijk,1 keer,0 keer,Mee eens,Mee eens,Mee eens,,,,,,,,,,,,,,,,,,,,,,,,,,,,,,,,,1
2023-07-17 19:15:13,2023-07-17 19:16:48,IP Address,,36,95,False,2023-07-24 19:16:56,R_2UWUSUUI3cf80Tv,,,,,,,anonymous,EN,Ja,,,,,,,,,,,,,,,,,,,,,,,,,,,,,,,,,,,,,,,,,,,,2
2023-07-25 12:21:18,2023-07-25 12:24:12,IP Address,,100,174,True,2023-07-25 12:24:13,R_3dYfqN5RPSBFLM1,,,,,,,anonymous,EN,Ja,1996,Man,Universiteit,,Waarschijnlijk,Heel waarschijnlijk,3 keer of meer,2 keer,Helemaal mee eens,Helemaal mee eens,Helemaal mee eens,Neutraal,Eens,Helemaal niet eens,Eens,Eens,Eens,7,6,4,8,8,3,7,2,10,2,Eens,Helemaal eens,Niet eens,Eens,6,6,6,5,5,2,2,3,Mee eens,Een beetje eens,Mee eens,Neutraal,2
2023-07-26 01:53:21,2023-07-26 01:56:25,IP Address,,100,184,True,2023-07-26 01:56:26,R_3kHRFfX5V9C755K,,,,,,,anonymous,EN,Ja,2000,Man,Universiteit,,Waarschijnlijk,Neutraal,2 keer,1 keer,Mee eens,Helemaal mee eens,Helemaal mee eens,Neutraal,Eens,Eens,Neutraal,Helemaal eens,Eens,3,3,8,4,4,8,4,7,4,6,Eens,Eens,Neutraal,Eens,6,6,6,6,6,1,1,2,Mee eens,Een beetje eens,Mee eens,Niet mee eens,1
2023-07-26 07:05:16,2023-07-26 07:12:28,IP Address,,100,432,True,2023-07-26 07:12:29,R_DCXT7M3QKnfPH7H,,,,,,,anonymous,EN,Ja,1998,Vrouw,Universiteit,,Waarschijnlijk,Onwaarschijnlijk,2 keer,2 keer,Helemaal mee eens,Mee eens,Helemaal mee eens,Neutraal,Eens,Neutraal,Niet eens,Helemaal eens,Eens,8,8,10,3,6,8,3,9,1,1,Niet eens,Neutraal,Helemaal niet eens,Eens,7,7,7,7,7,1,1,6,Een beetje eens,Mee eens,Helemaal mee eens,Een beetje oneens,2
2023-07-27 05:17:28,2023-07-27 05:19:31,IP Address,,100,123,True,2023-07-27 05:19:31,R_1etOS9PYmVVNpLy,,,,,,,anonymous,EN,Ja,1997,Vrouw,Universiteit,,Onwaarschijnlijk,Waarschijnlijk,3 keer of meer,0 keer,Helemaal mee eens,Helemaal mee eens,Helemaal mee eens,Helemaal eens,Neutraal,Helemaal eens,Eens,Eens,Helemaal eens,9,4,9,4,3,8,3,8,6,3,Helemaal eens,Eens,Helemaal eens,Helemaal eens,5,5,4,6,6,6,6,6,Helemaal mee eens,Helemaal mee eens,Helemaal mee eens,Helemaal mee eens,3
2023-07-27 08:34:47,2023-07-27 08:40:10,IP Address,,100,323,True,2023-07-27 08:40:11,R_3CT1NfyOyxe3JGm,,,,,,,anonymous,EN,Ja,1999,Vrouw,Anders:,HBO,Heel waarschijnlijk,Onwaarschijnlijk,2 keer,1 keer,Mee eens,Mee eens,Mee eens,Neutraal,Eens,Eens,Eens,Eens,Neutraal,4,4,6,3,7,7,4,6,6,6,Neutraal,Neutraal,Neutraal,Niet eens,6,6,6,6,6,3,5,6,Een beetje eens,Een beetje eens,Helemaal mee eens,Niet mee eens,1
2023-07-29 04:42:22,2023-07-29 04:49:21,IP Address,,100,419,True,2023-07-29 04:49:22,R_2pWCBkRXnp6iFK3,,,,,,,anonymous,EN,Ja,2004,Man,vwo,,Onwaarschijnlijk,Waarschijnlijk,1 keer,0 keer,Mee eens,Helemaal mee eens,Helemaal mee eens,Eens,Helemaal eens,Helemaal eens,Helemaal eens,Eens,Helemaal eens,3,4,5,6,8,4,5,6,4,2,Eens,Eens,Neutraal,Eens,4,5,6,6,6,2,3,4,Een beetje eens,Mee eens,Mee eens,Niet mee eens,3
2023-07-27 08:37:21,2023-07-31 06:00:17,IP Address,,100,336176,True,2023-07-31 06:00:18,R_21voHVucZMFca1f,,,,,,,anonymous,EN,Ja,1992,Vrouw,mbo,,Heel waarschijnlijk,Heel onwaarschijnlijk,1 keer,1 keer,Neutraal,Mee eens,Mee eens,Eens,Eens,Eens,Neutraal,Eens,Eens,5,5,5,6,7,7,4,5,4,7,Helemaal eens,Helemaal eens,Neutraal,Eens,5,2,3,5,5,2,3,3,Een beetje oneens,Mee eens,Neutraal,Neutraal,2
2023-08-01 02:22:16,2023-08-01 02:27:56,IP Address,,100,340,True,2023-08-01 02:27:57,R_2TN3aBkzk0gEIx7,,,,,,,anonymous,EN,Ja,2000,Man,Universiteit,,Heel waarschijnlijk,Waarschijnlijk,3 keer of meer,3 keer of meer,Helemaal mee eens,Mee eens,Helemaal mee eens,Eens,Eens,Helemaal eens,Niet eens,Helemaal eens,Neutraal,4,6,3,4,5,3,4,6,4,2,Eens,Niet eens,Helemaal niet eens,Eens,5,5,5,5,6,4,3,4,Een beetje eens,Mee eens,Een beetje eens,Een beetje oneens,1
2023-08-01 02:44:26,2023-08-01 02:47:16,IP Address,,100,169,True,2023-08-01 02:47:16,R_1H19AfJ839qZTKx,,,,,,,anonymous,EN,Ja,2002,Vrouw,Universiteit,,Heel waarschijnlijk,Onwaarschijnlijk,2 keer,1 keer,Neutraal,Helemaal niet mee eens,Helemaal niet mee eens,Neutraal,Eens,Eens,Neutraal,Eens,Eens,2,2,6,3,8,8,1,10,1,9,Eens,Neutraal,Neutraal,Helemaal niet eens,6,6,6,5,6,2,2,4,Een beetje eens,Neutraal,Mee eens,Neutraal,2
2023-08-01 03:24:30,2023-08-01 03:27:02,IP Address,,100,152,True,2023-08-01 03:27:02,R_RKuioc37A7daCQN,,,,,,,anonymous,EN,Ja,1999,Vrouw,Universiteit,,Heel waarschijnlijk,Neutraal,1 keer,0 keer,Neutraal,Neutraal,Mee eens,Eens,Niet eens,Eens,Niet eens,Eens,Eens,6,5,5,7,5,6,7,6,5,6,Eens,Neutraal,Neutraal,Niet eens,4,4,4,3,6,5,5,4,Een beetje oneens,Een beetje eens,Een beetje eens,Een beetje oneens,2
2023-08-01 06:10:04,2023-08-01 06:16:24,IP Address,,100,380,True,2023-08-01 06:16:25,R_3sbJIJ6YAu4LUsI,,,,,,,anonymous,EN,Ja,1995,Man,Anders:,HBO,Heel waarschijnlijk,Onwaarschijnlijk,2 keer,1 keer,Neutraal,Niet mee eens,Niet mee eens,Neutraal,Helemaal eens,Eens,Neutraal,Neutraal,Eens,3,1,6,5,7,4,6,6,2,3,Helemaal eens,Eens,Eens,Eens,7,6,6,6,6,1,1,4,Mee eens,Neutraal,Mee eens,Een beetje eens,1
2023-08-01 06:39:11,2023-08-01 06:50:36,IP Address,,100,684,True,2023-08-01 06:50:37,R_1gbdzYZCwmUZ2xn,,,,,,,anonymous,EN,Ja,2001,Man,mbo,,Heel waarschijnlijk,Heel onwaarschijnlijk,0 keer,0 keer,Helemaal niet mee eens,Niet mee eens,Neutraal,Neutraal,Neutraal,Eens,Niet eens,Eens,Eens,3,3,7,4,6,6,4,3,3,9,Eens,Helemaal niet eens,Helemaal niet eens,Helemaal niet eens,4,3,4,2,2,2,2,3,Een beetje eens,Helemaal niet mee eens,Een beetje eens,Een beetje eens,3
2023-08-03 14:19:07,2023-08-03 14:25:27,IP Address,,100,379,True,2023-08-03 14:25:28,R_TwkEvbnjVKVtUJj,,,,,,,anonymous,EN,Ja,2001,Vrouw,mbo,,Heel waarschijnlijk,Heel onwaarschijnlijk,3 keer of meer,2 keer,Mee eens,Mee eens,Helemaal mee eens,Niet eens,Eens,Eens,Niet eens,Neutraal,Neutraal,3,2,7,6,5,7,6,5,5,3,Eens,Neutraal,Niet eens,Neutraal,4,5,6,6,5,3,3,5,Een beetje eens,Neutraal,Mee eens,Niet mee eens,1
2023-08-04 01:36:05,2023-08-04 01:40:38,IP Address,,100,272,True,2023-08-04 01:40:39,R_10xBuGMqzG6im4A,,,,,,,anonymous,EN,Ja,1998,Vrouw,Anders:,HBO,Waarschijnlijk,Onwaarschijnlijk,0 keer,0 keer,Niet mee eens,Neutraal,Mee eens,Neutraal,Eens,Eens,Niet eens,Neutraal,Neutraal,5,4,6,4,5,5,4,7,5,5,Eens,Neutraal,Niet eens,Niet eens,4,4,5,4,4,5,3,4,Een beetje eens,Neutraal,Neutraal,Neutraal,2
2023-08-04 07:25:44,2023-08-04 07:27:32,IP Address,,100,107,True,2023-08-04 07:27:32,R_1QlUiY3KHY1I9AF,,,,,,,anonymous,EN,Ja,1988,Man,mbo,,Heel waarschijnlijk,Heel onwaarschijnlijk,3 keer of meer,3 keer of meer,Mee eens,Mee eens,Mee eens,Eens,Eens,Eens,Eens,Eens,Eens,3,5,4,6,3,5,4,6,4,5,Eens,Eens,Helemaal eens,Eens,5,6,5,5,4,2,6,5,Een beetje eens,Neutraal,Een beetje eens,Mee eens,3
2023-08-08 09:13:15,2023-08-08 09:20:10,IP Address,,100,414,True,2023-08-08 09:20:11,R_8IeqRVUdUPSePvz,,,,,,,anonymous,EN,Ja,1999,Vrouw,Universiteit,,Waarschijnlijk,Neutraal,3 keer of meer,3 keer of meer,Mee eens,Mee eens,Mee eens,Neutraal,Eens,Eens,Eens,Eens,Eens,5,5,7,3,4,7,3,8,4,5,Neutraal,Eens,Neutraal,Niet eens,4,4,4,3,4,2,2,6,Mee eens,Een beetje oneens,Een beetje eens,Een beetje eens,1
2023-08-08 09:22:09,2023-08-08 09:29:27,IP Address,,100,438,True,2023-08-08 09:29:27,R_UzJgzy7HPdPPGvv,,,,,,,anonymous,EN,Ja,1996,Man,mbo,,Onwaarschijnlijk,Heel onwaarschijnlijk,1 keer,0 keer,Helemaal niet mee eens,Helemaal niet mee eens,Neutraal,Helemaal niet eens,Helemaal niet eens,Helemaal niet eens,Helemaal niet eens,Neutraal,Neutraal,9,5,6,3,6,6,1,6,1,10,Eens,Helemaal niet eens,Helemaal niet eens,Helemaal niet eens,5,4,7,4,4,2,3,4,Een beetje eens,Neutraal,Mee eens,Neutraal,2
2023-08-09 06:38:34,2023-08-09 06:42:17,IP Address,,100,223,True,2023-08-09 06:42:19,R_27B5xSmGnY7WHAR,,,,,,,anonymous,EN,Ja,1997,Man,Universiteit,,Heel waarschijnlijk,Heel onwaarschijnlijk,1 keer,1 keer,Mee eens,Neutraal,Helemaal mee eens,Eens,Helemaal eens,Niet eens,Helemaal eens,Eens,Eens,1,1,4,3,6,4,2,10,1,10,Neutraal,Eens,Helemaal eens,Helemaal eens,5,6,4,4,6,2,2,3,Een beetje eens,Mee eens,Een beetje eens,Mee eens,3
2023-08-09 10:27:24,2023-08-09 10:35:23,IP Address,,100,478,True,2023-08-09 10:35:24,R_10MbUurcWzdWaPW,,,,,,,anonymous,EN,Ja,1991,Man,Universiteit,,Heel onwaarschijnlijk,Waarschijnlijk,1 keer,0 keer,Helemaal mee eens,Helemaal mee eens,Helemaal mee eens,Neutraal,Eens,Eens,Eens,Eens,Eens,7,6,7,6,5,4,4,6,2,3,Eens,Neutraal,Helemaal niet eens,Eens,5,5,6,6,6,2,2,4,Een beetje eens,Mee eens,Mee eens,Een beetje eens,3
2023-08-09 16:30:00,2023-08-09 16:31:17,IP Address,,100,76,True,2023-08-09 16:31:18,R_21vQD6sbiqxzY6b,,,,,,,anonymous,EN,Ja,1999,Man,havo,,Neutraal,Onwaarschijnlijk,2 keer,1 keer,Neutraal,Mee eens,Neutraal,Neutraal,Eens,Neutraal,Neutraal,Neutraal,Eens,5,4,6,6,5,7,5,5,5,6,Neutraal,Eens,Neutraal,Niet eens,2,4,5,2,5,5,3,4,Neutraal,Neutraal,Een beetje oneens,Niet mee eens,2
2023-08-10 05:40:24,2023-08-10 05:41:31,IP Address,,100,67,True,2023-08-10 05:41:32,R_12RANh9JVMHZFSN,,,,,,,anonymous,EN,Ja,1984,Anders,lbo,,Onwaarschijnlijk,Heel waarschijnlijk,2 keer,0 keer,Niet mee eens,Neutraal,Mee eens,Neutraal,Neutraal,Niet eens,Helemaal eens,Neutraal,Helemaal niet eens,5,7,7,5,4,2,2,3,1,2,Neutraal,Helemaal eens,Neutraal,Niet eens,6,3,4,5,1,4,6,3,Een beetje eens,Een beetje eens,Een beetje eens,Een beetje oneens,1
2023-08-14 12:43:53,2023-08-14 12:46:54,IP Address,,100,180,True,2023-08-14 12:46:55,R_2xENY8062yzsW1u,,,,,,,anonymous,EN,Ja,2003,Vrouw,Universiteit,,Heel waarschijnlijk,Neutraal,3 keer of meer,2 keer,Neutraal,Neutraal,Mee eens,Eens,Eens,Eens,Eens,Eens,Eens,6,6,7,6,4,8,5,5,4,2,Helemaal eens,Helemaal eens,Helemaal eens,Helemaal eens,4,4,6,5,4,1,2,4,Helemaal mee eens,Een beetje eens,Neutraal,Een beetje oneens,3
2023-08-16 05:19:19,2023-08-16 05:33:31,IP Address,,100,852,True,2023-08-16 05:33:32,R_ODrws4WRdUkZuRr,,,,,,,anonymous,EN,Ja,1999,Vrouw,Universiteit,,Neutraal,Neutraal,3 keer of meer,0 keer,Mee eens,Niet mee eens,Mee eens,Eens,Eens,Eens,Eens,Eens,Eens,3,3,6,4,5,5,4,6,4,4,Niet eens,Neutraal,Helemaal niet eens,Niet eens,5,4,5,5,5,3,3,4,Neutraal,Mee eens,Mee eens,Neutraal,2
2023-08-21 09:45:23,2023-08-21 09:50:18,IP Address,,100,294,True,2023-08-21 09:50:19,R_1NqT5qmmMbrJWY4,,,,,,,anonymous,EN,Ja,1997,Vrouw,Anders:,HBO,Heel waarschijnlijk,Onwaarschijnlijk,1 keer,0 keer,Helemaal niet mee eens,Helemaal niet mee eens,Helemaal niet mee eens,Neutraal,Helemaal eens,Helemaal eens,Eens,Eens,Neutraal,5,5,5,1,5,5,1,10,5,10,Helemaal niet eens,Helemaal niet eens,Helemaal niet eens,Helemaal niet eens,4,6,6,6,6,3,4,2,Een beetje eens,Mee eens,Mee eens,Niet mee eens,1
2023-08-22 03:53:01,2023-08-22 03:59:32,IP Address,,100,391,True,2023-08-22 03:59:33,R_3eqciRxBjGQwkxO,,,,,,,anonymous,EN,Ja,2002,Vrouw,havo,,Heel waarschijnlijk,Onwaarschijnlijk,2 keer,2 keer,Neutraal,Mee eens,Helemaal mee eens,Eens,Niet eens,Eens,Niet eens,Eens,Eens,6,6,6,5,5,7,6,7,6,4,Eens,Neutraal,Neutraal,Neutraal,5,5,5,4,5,5,5,5,Mee eens,Een beetje eens,Mee eens,Een beetje eens,3
2023-08-23 07:59:22,2023-08-23 08:05:14,IP Address,,100,352,True,2023-08-23 08:05:16,R_29b5iQu1mlxXMya,,,,,,,anonymous,EN,Ja,1992,Vrouw,vwo,,Heel waarschijnlijk,Onwaarschijnlijk,0 keer,0 keer,Mee eens,Mee eens,Mee eens,Neutraal,Neutraal,Eens,Niet eens,Helemaal eens,Eens,6,9,6,3,7,7,3,9,5,6,Niet eens,Eens,Niet eens,Niet eens,4,2,4,3,5,2,3,4,Neutraal,Niet mee eens,Mee eens,Een beetje eens,1
2023-08-23 12:05:42,2023-08-23 12:07:37,IP Address,,100,114,True,2023-08-23 12:07:37,R_1CHdz7WGG5yZCbY,,,,,,,anonymous,EN,Ja,2001,Man,havo,,Heel waarschijnlijk,Neutraal,0 keer,0 keer,Helemaal niet mee eens,Helemaal niet mee eens,Helemaal niet mee eens,Helemaal niet eens,Helemaal niet eens,Helemaal niet eens,Helemaal niet eens,Helemaal niet eens,Helemaal niet eens,9,3,6,5,6,5,5,6,5,6,Helemaal niet eens,Helemaal niet eens,Helemaal niet eens,Helemaal niet eens,4,4,4,4,4,4,4,4,Niet mee eens,Een beetje oneens,Een beetje oneens,Een beetje eens,2
2023-08-30 09:07:27,2023-08-30 09:10:50,IP Address,,100,202,True,2023-08-30 09:10:52,R_1pX2lySyNnNmBxH,,,,,,,anonymous,EN,Ja,2000,Vrouw,mbo,,Heel waarschijnlijk,Onwaarschijnlijk,3 keer of meer,1 keer,Neutraal,Mee eens,Mee eens,Neutraal,Eens,Helemaal eens,Neutraal,Eens,Eens,8,7,6,5,6,7,5,6,7,3,Eens,Neutraal,Niet eens,Neutraal,5,6,6,5,5,3,2,3,Mee eens,Helemaal mee eens,Mee eens,Niet mee eens,3
2023-09-01 07:11:47,2023-09-01 07:17:16,IP Address,,100,328,True,2023-09-01 07:17:17,R_2dSGow2had2iYSC,,,,,,,anonymous,EN,Ja,1999,Vrouw,Universiteit,,Waarschijnlijk,Heel onwaarschijnlijk,2 keer,0 keer,Neutraal,Neutraal,Mee eens,Eens,Neutraal,Neutraal,Niet eens,Neutraal,Eens,2,3,7,3,5,5,2,8,3,8,Eens,Neutraal,Niet eens,Niet eens,6,5,5,5,4,4,6,4,Een beetje eens,Een beetje oneens,Neutraal,Een beetje eens,1
2023-09-03 03:32:47,2023-09-03 03:42:43,IP Address,,100,595,True,2023-09-03 03:42:44,R_YS2l9BSI1q129Xj,,,,,,,anonymous,EN,Ja,1998,Man,Universiteit,,Heel waarschijnlijk,Onwaarschijnlijk,3 keer of meer,1 keer,Niet mee eens,Mee eens,Helemaal mee eens,Eens,Helemaal eens,Helemaal eens,Eens,Helemaal eens,Helemaal eens,2,7,7,4,9,7,4,7,3,3,Helemaal eens,Niet eens,Niet eens,Eens,5,3,6,6,6,1,1,6,Mee eens,Niet mee eens,Mee eens,Niet mee eens,2
2023-09-04 06:28:51,2023-09-04 06:30:29,IP Address,,100,97,True,2023-09-04 06:30:30,R_3KU7nlSgn8RP26L,,,,,,,anonymous,EN,Ja,1997,Vrouw,mbo,,Heel waarschijnlijk,Neutraal,2 keer,2 keer,Neutraal,Neutraal,Neutraal,Neutraal,Eens,Neutraal,Eens,Neutraal,Neutraal,3,3,6,6,5,5,6,4,6,5,Neutraal,Neutraal,Neutraal,Neutraal,2,4,4,3,3,2,3,3,Een beetje oneens,Neutraal,Een beetje oneens,Een beetje eens,3
2023-09-04 12:48:53,2023-09-04 12:50:24,IP Address,,18,90,False,2023-09-11 12:50:28,R_ZEMrFXfvZuwfyil,,,,,,,anonymous,EN,Ja,1996,Man,Anders:,HBO,Heel waarschijnlijk,Onwaarschijnlijk,2 keer,2 keer,Neutraal,Niet mee eens,Mee eens,,,,,,,,,,,,,,,,,,,,,,,,,,,,,,,,,1
2023-09-12 12:36:09,2023-09-12 12:46:14,IP Address,,100,605,True,2023-09-12 12:46:15,R_3k1UatSo7QTVcnd,,,,,,,anonymous,EN,Ja,1997,Vrouw,mbo,,Heel waarschijnlijk,Onwaarschijnlijk,2 keer,2 keer,Mee eens,Mee eens,Mee eens,Neutraal,Neutraal,Helemaal eens,Eens,Eens,Neutraal,3,5,7,5,4,6,5,6,5,3,Eens,Eens,Neutraal,Eens,5,4,6,6,6,2,2,5,Mee eens,Niet mee eens,Mee eens,Neutraal,2
2023-09-13 02:49:15,2023-09-13 02:51:52,IP Address,,100,156,True,2023-09-13 02:52:06,R_3J5ldio2rKlQvpa,,,,,,,anonymous,EN,Ja,1989,Vrouw,havo,,Heel waarschijnlijk,Heel onwaarschijnlijk,3 keer of meer,2 keer,Helemaal niet mee eens,Mee eens,Helemaal niet mee eens,Helemaal eens,Helemaal eens,Helemaal eens,Helemaal niet eens,Helemaal eens,Helemaal eens,1,10,5,5,5,4,3,7,3,10,Niet eens,Eens,Helemaal niet eens,Neutraal,4,4,4,4,4,4,4,4,Neutraal,Neutraal,Neutraal,Neutraal,1
2023-09-15 06:55:44,2023-09-15 06:58:23,IP Address,,100,159,True,2023-09-15 06:58:24,R_1kHvt3OmjEtgjqf,,,,,,,anonymous,EN,Ja,2003,Vrouw,Anders:,hbo,Heel waarschijnlijk,Heel onwaarschijnlijk,3 keer of meer,3 keer of meer,Niet mee eens,Niet mee eens,Niet mee eens,Neutraal,Neutraal,Eens,Neutraal,Eens,Eens,7,6,6,7,7,5,6,4,5,5,Eens,Neutraal,Niet eens,Niet eens,4,5,5,5,5,4,6,5,Een beetje eens,Een beetje eens,Neutraal,Neutraal,3
2023-09-15 08:50:30,2023-09-15 08:56:24,IP Address,,100,353,True,2023-09-15 08:56:25,R_1pmVgqb3Lsxikp9,,,,,,,anonymous,EN,Ja,2000,Vrouw,havo,,Neutraal,Waarschijnlijk,1 keer,0 keer,Helemaal mee eens,Helemaal mee eens,Helemaal mee eens,Eens,Eens,Helemaal eens,Helemaal eens,Eens,Eens,5,7,5,4,5,5,4,3,5,7,Eens,Neutraal,Niet eens,Neutraal,6,5,6,4,5,2,2,4,Mee eens,Niet mee eens,Mee eens,Mee eens,2
2023-09-09 04:28:50,2023-09-09 04:30:37,IP Address,,87,106,False,2023-09-16 04:30:43,R_brvqd52FO4BhqfL,,,,,,,anonymous,EN,Ja,1995,Vrouw,Anders:,hbo,Waarschijnlijk,Neutraal,2 keer,1 keer,Mee eens,Mee eens,Helemaal mee eens,Neutraal,Eens,Eens,Eens,Eens,Helemaal eens,,,,,,,,,,,,,,,,,,,,,,,,,,,3
2023-09-19 08:37:03,2023-09-19 08:52:30,IP Address,,100,926,True,2023-09-19 08:52:31,R_3DbhmTZNv5CL48e,,,,,,,anonymous,EN,Ja,1996,Man,vwo,,Heel waarschijnlijk,Onwaarschijnlijk,0 keer,0 keer,Mee eens,Mee eens,Neutraal,Eens,Eens,Helemaal eens,Eens,Eens,Eens,3,2,5,5,6,4,5,5,3,2,Eens,Eens,Neutraal,Eens,6,6,6,6,4,1,5,5,Niet mee eens,Mee eens,Helemaal mee eens,Niet mee eens,1
2023-09-20 06:11:09,2023-09-20 06:15:29,IP Address,,100,260,True,2023-09-20 06:15:31,R_2e2nEG5K7QeDKl1,,,,,,,anonymous,EN,Ja,2003,Vrouw,havo,,Heel waarschijnlijk,Onwaarschijnlijk,1 keer,0 keer,Niet mee eens,Helemaal niet mee eens,Neutraal,Helemaal niet eens,Helemaal niet eens,Niet eens,Helemaal niet eens,Niet eens,Helemaal niet eens,2,3,5,3,4,5,2,8,5,10,Eens,Helemaal niet eens,Helemaal niet eens,Helemaal niet eens,4,3,4,3,4,4,5,5,Een beetje eens,Niet mee eens,Niet mee eens,Neutraal,1
2023-09-20 06:51:16,2023-09-20 06:56:23,IP Address,,100,306,True,2023-09-20 06:56:24,R_3k5khwVa3TyYFvL,,,,,,,anonymous,EN,Ja,1999,Vrouw,Universiteit,,Heel waarschijnlijk,Onwaarschijnlijk,2 keer,2 keer,Niet mee eens,Neutraal,Mee eens,Niet eens,Neutraal,Eens,Niet eens,Niet eens,Eens,3,4,6,4,4,6,6,6,5,3,Eens,Eens,Neutraal,Eens,4,4,4,4,4,2,2,5,Mee eens,Neutraal,Neutraal,Neutraal,3
2023-09-25 05:49:49,2023-09-25 05:53:09,IP Address,,100,199,True,2023-09-25 05:53:10,R_3QYIStx8zf4q521,,,,,,,anonymous,EN,Ja,2001,Vrouw,vwo,,Waarschijnlijk,Neutraal,1 keer,1 keer,Mee eens,Mee eens,Helemaal mee eens,Niet eens,Eens,Eens,Neutraal,Eens,Helemaal eens,7,3,5,3,5,5,3,7,3,7,Eens,Neutraal,Niet eens,Neutraal,6,3,5,5,3,3,3,4,Een beetje eens,Mee eens,Neutraal,Neutraal,2
2023-09-29 09:33:28,2023-09-29 09:41:18,IP Address,,100,469,True,2023-09-29 09:41:19,R_T1uNZWKH6ZhWY81,,,,,,,anonymous,EN,Ja,2003,Man,havo,,Waarschijnlijk,Onwaarschijnlijk,3 keer of meer,0 keer,Mee eens,Mee eens,Mee eens,Helemaal eens,Eens,Eens,Eens,Neutraal,Eens,2,2,6,1,5,5,2,8,4,5,Niet eens,Niet eens,Neutraal,Niet eens,6,6,7,5,4,4,3,5,Een beetje eens,Mee eens,Mee eens,Helemaal niet mee eens,1
2023-10-01 11:47:02,2023-10-01 11:50:29,IP Address,,100,206,True,2023-10-01 11:50:30,R_eWJbvclmWoT1Jst,,,,,,,anonymous,EN,Ja,2003,Vrouw,havo,,Heel waarschijnlijk,Onwaarschijnlijk,1 keer,1 keer,Neutraal,Niet mee eens,Neutraal,Neutraal,Niet eens,Eens,Neutraal,Neutraal,Eens,2,4,6,3,5,5,4,7,3,4,Eens,Neutraal,Niet eens,Niet eens,5,4,5,4,4,3,6,5,Een beetje eens,Mee eens,Een beetje eens,Niet mee eens,3
2023-10-03 03:36:50,2023-10-03 03:39:27,IP Address,,100,157,True,2023-10-03 03:39:28,R_eDxHTlpvhMB6ndv,,,,,,,anonymous,EN,Ja,2004,Man,vmbo,,Heel onwaarschijnlijk,Neutraal,1 keer,0 keer,Helemaal niet mee eens,Niet mee eens,Niet mee eens,Eens,Eens,Neutraal,Neutraal,Helemaal eens,Niet eens,6,5,8,3,7,8,3,8,7,7,Niet eens,Neutraal,Neutraal,Niet eens,1,3,3,5,6,3,2,2,Helemaal niet mee eens,Niet mee eens,Een beetje oneens,Neutraal,2
2023-10-03 08:53:16,2023-10-03 08:54:32,IP Address,,100,76,True,2023-10-03 08:54:33,R_ZK8JGI3phCLvrxv,,,,,,,anonymous,EN,Ja,2006,Man,havo,,Neutraal,Neutraal,3 keer of meer,0 keer,Neutraal,Mee eens,Mee eens,Niet eens,Eens,Helemaal eens,Niet eens,Niet eens,Helemaal eens,3,3,10,4,3,4,9,4,1,7,Helemaal niet eens,Niet eens,Eens,Niet eens,2,5,5,3,3,4,4,3,Niet mee eens,Een beetje oneens,Een beetje oneens,Mee eens,3
2023-10-04 07:00:53,2023-10-04 07:04:57,IP Address,,100,244,True,2023-10-04 07:04:58,R_2U9ggwjeIiN6hBv,,,,,,,anonymous,EN,Ja,1998,Vrouw,Universiteit,,Waarschijnlijk,Neutraal,2 keer,2 keer,Neutraal,Mee eens,Mee eens,Neutraal,Eens,Eens,Eens,Eens,Eens,2,2,8,2,5,6,2,8,5,7,Eens,Niet eens,Niet eens,Niet eens,4,6,6,6,4,3,3,4,Een beetje eens,Een beetje oneens,Een beetje eens,Neutraal,2
2023-10-06 07:25:46,2023-10-06 07:28:30,IP Address,,100,164,True,2023-10-06 07:28:31,R_2VKP73SsAMaJ4kf,,,,,,,anonymous,EN,Ja,2002,Vrouw,havo,,Heel waarschijnlijk,Onwaarschijnlijk,3 keer of meer,1 keer,Helemaal mee eens,Mee eens,Mee eens,Neutraal,Eens,Eens,Helemaal eens,Eens,Eens,7,7,6,10,8,7,9,6,7,2,Eens,Eens,Neutraal,Eens,7,6,6,7,6,7,6,7,Mee eens,Een beetje eens,Een beetje eens,Mee eens,2
2023-10-08 05:37:00,2023-10-08 05:45:33,IP Address,,100,512,True,2023-10-08 05:45:34,R_1j9ejO0FMtuhVru,,,,,,,anonymous,EN,Ja,1994,Man,Anders:,HBO,Heel waarschijnlijk,Heel onwaarschijnlijk,1 keer,1 keer,Helemaal niet mee eens,Neutraal,Mee eens,Helemaal eens,Helemaal eens,Helemaal eens,Eens,Eens,Eens,8,8,5,7,4,7,6,6,6,3,Eens,Eens,Neutraal,Niet eens,6,5,6,6,4,2,2,6,Mee eens,Mee eens,Mee eens,Niet mee eens,3
2023-10-09 15:07:10,2023-10-09 15:17:21,IP Address,,100,611,True,2023-10-09 15:17:22,R_1OlyMSj0de97oE5,,,,,,,anonymous,EN,Ja,1999,Vrouw,Anders:,hbo,Neutraal,Waarschijnlijk,1 keer,1 keer,Helemaal mee eens,Mee eens,Mee eens,Neutraal,Neutraal,Helemaal eens,Helemaal eens,Helemaal eens,Neutraal,10,10,5,6,7,4,7,4,7,3,Helemaal eens,Helemaal eens,Helemaal eens,Neutraal,6,3,5,5,7,2,1,5,Een beetje eens,Een beetje eens,Een beetje eens,Een beetje eens,3
2023-10-10 04:40:02,2023-10-10 05:04:52,IP Address,,100,1490,True,2023-10-10 05:04:53,R_2aQ4JHkiOYjblzC,,,,,,,anonymous,EN,Ja,1997,Man,mbo,,Neutraal,Neutraal,1 keer,1 keer,Niet mee eens,Neutraal,Neutraal,Neutraal,Helemaal eens,Eens,Neutraal,Neutraal,Eens,4,2,4,5,7,7,7,4,7,9,Eens,Niet eens,Eens,Neutraal,6,4,2,4,5,5,5,3,Een beetje eens,Een beetje oneens,Een beetje eens,Een beetje eens,1
2023-10-10 12:29:58,2023-10-10 12:35:26,IP Address,,100,327,True,2023-10-10 12:35:27,R_1dsGOhtJjRHTGQl,,,,,,,anonymous,EN,Ja,2001,Anders,Universiteit,,Onwaarschijnlijk,Waarschijnlijk,3 keer of meer,1 keer,Niet mee eens,Mee eens,Mee eens,Niet eens,Neutraal,Eens,Neutraal,Eens,Neutraal,4,4,7,4,4,7,5,6,2,4,Eens,Eens,Neutraal,Eens,5,6,7,6,6,2,2,4,Een beetje eens,Mee eens,Mee eens,Mee eens,2
2023-10-11 05:45:33,2023-10-11 05:48:16,IP Address,,100,163,True,2023-10-11 05:48:17,R_O3Hq7CocBHufWhP,,,,,,,anonymous,EN,Ja,2004,Vrouw,vwo,,Waarschijnlijk,Heel onwaarschijnlijk,1 keer,0 keer,Helemaal niet mee eens,Helemaal niet mee eens,Mee eens,Helemaal niet eens,Helemaal niet eens,Helemaal niet eens,Helemaal niet eens,Eens,Helemaal niet eens,4,4,5,5,7,3,4,6,3,6,Eens,Eens,Niet eens,Helemaal niet eens,4,6,5,6,6,2,2,5,Mee eens,Mee eens,Mee eens,Een beetje oneens,2
2023-10-05 07:04:58,2023-10-05 07:08:49,IP Address,,24,231,False,2023-10-12 07:08:52,R_z5VRY9kZ7qm811v,,,,,,,anonymous,EN,Ja,2002,Vrouw,Anders:,Hbo,Heel onwaarschijnlijk,Onwaarschijnlijk,1 keer,0 keer,Neutraal,Mee eens,Helemaal mee eens,Eens,Eens,Eens,Eens,Eens,Eens,4,5,,,,,,,,,,,,,,,,,,,,,,,,,1
2023-10-13 13:26:34,2023-10-13 13:33:21,IP Address,,100,406,True,2023-10-13 13:33:22,R_1DI7WQ9zOBsXVsi,,,,,,,anonymous,EN,Ja,2000,Vrouw,Universiteit,,Heel waarschijnlijk,Onwaarschijnlijk,3 keer of meer,3 keer of meer,Niet mee eens,Mee eens,Mee eens,Neutraal,Niet eens,Helemaal eens,Niet eens,Eens,Eens,3,3,5,4,6,6,4,7,5,4,Eens,Niet eens,Neutraal,Niet eens,5,5,6,5,6,2,2,4,Een beetje eens,Een beetje eens,Een beetje eens,Niet mee eens,1
2023-10-09 05:08:28,2023-10-09 05:11:08,IP Address,,24,160,False,2023-10-16 05:11:09,R_1Hqs3gpnh17cJyr,,,,,,,anonymous,EN,Ja,1999,Vrouw,mbo,,Neutraal,Neutraal,1 keer,1 keer,Neutraal,Mee eens,Mee eens,Neutraal,Eens,Eens,Eens,Eens,Neutraal,5,5,,,,,,,,,,,,,,,,,,,,,,,,,1
2023-10-17 11:43:24,2023-10-17 11:44:39,IP Address,,100,74,True,2023-10-17 11:44:40,R_bDEmS8SJf613Ny9,,,,,,,anonymous,EN,Ja,1985,Man,havo,,Onwaarschijnlijk,Onwaarschijnlijk,1 keer,2 keer,Neutraal,Neutraal,Niet mee eens,Niet eens,Eens,Neutraal,Neutraal,Eens,Eens,4,7,5,7,4,6,5,7,4,3,Niet eens,Niet eens,Neutraal,Eens,3,4,3,4,5,5,5,3,Een beetje oneens,Neutraal,Een beetje oneens,Een beetje eens,3
2023-10-18 04:01:48,2023-10-18 04:07:06,IP Address,,100,317,True,2023-10-18 04:07:07,R_1DD9sBtevCQ81tB,,,,,,,anonymous,EN,Ja,2003,Man,vwo,,Waarschijnlijk,Onwaarschijnlijk,3 keer of meer,3 keer of meer,Mee eens,Mee eens,Mee eens,Niet eens,Neutraal,Eens,Neutraal,Eens,Eens,4,4,6,7,7,6,5,5,4,3,Eens,Eens,Niet eens,Neutraal,3,5,6,5,5,3,3,4,Mee eens,Een beetje eens,Mee eens,Een beetje oneens,2
2023-10-20 06:49:31,2023-10-20 06:54:53,IP Address,,100,321,True,2023-10-20 06:54:54,R_2rl4oVwvbghWyfX,,,,,,,anonymous,EN,Ja,1999,Man,havo,,Waarschijnlijk,Onwaarschijnlijk,2 keer,2 keer,Neutraal,Neutraal,Neutraal,Niet eens,Niet eens,Eens,Niet eens,Neutraal,Neutraal,4,6,5,1,5,5,1,5,5,5,Eens,Neutraal,Neutraal,Neutraal,4,4,6,4,4,1,6,4,Een beetje eens,Helemaal mee eens,Mee eens,Neutraal,3
2023-10-25 06:57:37,2023-10-25 07:03:25,IP Address,,100,347,True,2023-10-25 07:03:25,R_1eLZKW1bbgKMYaX,,,,,,,anonymous,EN,Ja,2003,Vrouw,vwo,,Heel waarschijnlijk,Onwaarschijnlijk,2 keer,2 keer,Neutraal,Mee eens,Mee eens,Neutraal,Eens,Eens,Neutraal,Eens,Eens,2,3,5,2,5,6,1,10,3,8,Neutraal,Niet eens,Neutraal,Neutraal,5,5,5,5,5,4,6,2,Niet mee eens,Een beetje eens,Mee eens,Niet mee eens,1
2023-10-18 13:32:38,2023-10-18 13:36:55,IP Address,,31,256,False,2023-10-25 13:37:02,R_2DM4B3qWf8DQJLl,,,,,,,anonymous,EN,Ja,1998,Man,Universiteit,,Waarschijnlijk,Onwaarschijnlijk,3 keer of meer,3 keer of meer,Neutraal,Mee eens,Mee eens,Eens,Neutraal,Niet eens,Neutraal,Eens,Eens,4,6,5,5,8,6,6,6,4,2,Eens,Eens,Eens,Eens,5,6,6,5,6,3,3,3,,,,,1
2023-10-26 04:16:36,2023-10-26 04:18:34,IP Address,,100,117,True,2023-10-26 04:18:34,R_3fOGiOIRiddnAr0,,,,,,,anonymous,EN,Ja,2006,Man,Basisschool,,Onwaarschijnlijk,Waarschijnlijk,2 keer,1 keer,Neutraal,Niet mee eens,Mee eens,Helemaal niet eens,Helemaal eens,Eens,Neutraal,Niet eens,Neutraal,6,7,9,7,2,3,2,3,3,5,Neutraal,Niet eens,Niet eens,Eens,3,2,3,4,6,3,5,6,Een beetje oneens,Een beetje oneens,Helemaal niet mee eens,Een beetje oneens,2
2023-11-01 14:30:14,2023-11-01 14:36:06,IP Address,,100,351,True,2023-11-01 14:36:06,R_ymwFQhG4nPyH4hH,,,,,,,anonymous,EN,Ja,1995,Man,Universiteit,,Heel waarschijnlijk,Onwaarschijnlijk,2 keer,0 keer,Niet mee eens,Helemaal niet mee eens,Niet mee eens,Eens,Niet eens,Eens,Helemaal eens,Helemaal eens,Eens,4,4,6,5,5,6,5,6,1,1,Helemaal eens,Eens,Niet eens,Eens,3,3,5,6,2,3,2,3,Een beetje eens,Helemaal mee eens,Mee eens,Mee eens,3
2023-11-03 09:58:28,2023-11-03 10:03:38,IP Address,,100,310,True,2023-11-03 10:03:39,R_2SIvgdcw4Se5hhf,,,,,,,anonymous,EN,Ja,1999,Vrouw,Anders:,hbo,Waarschijnlijk,Heel onwaarschijnlijk,3 keer of meer,1 keer,Neutraal,Mee eens,Helemaal mee eens,Neutraal,Niet eens,Neutraal,Niet eens,Helemaal eens,Eens,3,8,9,1,3,7,2,7,5,7,Eens,Helemaal niet eens,Neutraal,Helemaal niet eens,4,5,5,5,4,3,2,3,Een beetje eens,Een beetje eens,Neutraal,Neutraal,2
2023-11-08 10:11:15,2023-11-08 10:21:38,IP Address,,100,623,True,2023-11-08 10:21:39,R_1oFMBQamMVrd1yy,,,,,,,anonymous,EN,Ja,1998,Vrouw,Anders:,HBO,Heel waarschijnlijk,Heel onwaarschijnlijk,3 keer of meer,2 keer,Mee eens,Mee eens,Helemaal mee eens,Helemaal niet eens,Neutraal,Eens,Niet eens,Niet eens,Neutraal,6,6,7,4,5,6,6,6,6,4,Eens,Neutraal,Eens,Neutraal,4,5,5,5,6,2,2,4,Een beetje eens,Niet mee eens,Mee eens,Neutraal,2
2023-11-01 14:29:48,2023-11-01 14:29:55,IP Address,,69,6,False,2023-11-08 13:29:56,R_1jCjtqZgp8ozMU5,,,,,,,anonymous,EN,Ja,,,,,,,,,,,,,,,,,,,,,,,,,,,,,,,,,,,,,,,,,,,,3
2023-11-10 08:38:39,2023-11-10 08:41:37,IP Address,,100,177,True,2023-11-10 08:41:37,R_2pQNRynB47fVP92,,,,,,,anonymous,EN,Ja,1999,Vrouw,Anders:,HBO,Heel waarschijnlijk,Heel onwaarschijnlijk,3 keer of meer,3 keer of meer,Niet mee eens,Mee eens,Mee eens,Eens,Niet eens,Niet eens,Niet eens,Eens,Eens,4,4,4,7,4,8,8,4,4,8,Eens,Niet eens,Eens,Niet eens,3,3,6,3,4,4,3,4,Mee eens,Mee eens,Mee eens,Niet mee eens,1
2023-11-13 03:49:36,2023-11-13 03:52:33,IP Address,,100,176,True,2023-11-13 03:52:34,R_3iKfZVKvh8ejOaB,,,,,,,anonymous,EN,Ja,2000,Vrouw,havo,,Heel waarschijnlijk,Onwaarschijnlijk,3 keer of meer,1 keer,Helemaal mee eens,Mee eens,Helemaal mee eens,Neutraal,Eens,Eens,Niet eens,Helemaal eens,Eens,7,1,4,7,8,3,7,3,8,2,Eens,Eens,Eens,Eens,6,6,6,6,6,6,2,4,Neutraal,Een beetje eens,Mee eens,Een beetje oneens,3
2023-11-20 02:54:10,2023-11-20 02:57:49,IP Address,,100,218,True,2023-11-20 02:57:50,R_VWL87Xpds8GfWsF,,,,,,,anonymous,EN,Ja,2000,Vrouw,Universiteit,,Waarschijnlijk,Onwaarschijnlijk,0 keer,0 keer,Niet mee eens,Niet mee eens,Mee eens,Eens,Helemaal eens,Eens,Eens,Eens,Eens,7,7,6,4,5,7,4,8,3,7,Niet eens,Niet eens,Niet eens,Niet eens,5,5,5,5,3,3,5,5,Een beetje eens,Een beetje oneens,Een beetje eens,Een beetje eens,3
2023-11-29 04:14:58,2023-11-29 04:23:52,IP Address,,100,534,True,2023-11-29 04:23:53,R_22Li22lybk8CTJj,,,,,,,anonymous,EN,Ja,2000,Vrouw,Universiteit,,Onwaarschijnlijk,Waarschijnlijk,3 keer of meer,1 keer,Niet mee eens,Niet mee eens,Niet mee eens,Eens,Eens,Eens,Eens,Eens,Eens,2,2,3,3,8,3,6,5,5,5,Eens,Neutraal,Niet eens,Neutraal,5,5,5,5,5,3,5,4,Mee eens,Een beetje oneens,Mee eens,Een beetje oneens,1
2023-12-05 03:44:22,2023-12-05 03:48:04,IP Address,,100,221,True,2023-12-05 03:48:05,R_0lltWfTstcq2GTT,,,,,,,anonymous,EN,Ja,2000,Man,Universiteit,,Heel waarschijnlijk,Onwaarschijnlijk,2 keer,2 keer,Helemaal niet mee eens,Niet mee eens,Mee eens,Eens,Eens,Helemaal eens,Eens,Helemaal eens,Eens,2,3,3,7,8,2,7,4,3,2,Helemaal eens,Neutraal,Eens,Helemaal eens,6,6,6,7,7,1,7,5,Een beetje oneens,Helemaal mee eens,Helemaal mee eens,Niet mee eens,2
2023-12-09 07:53:37,2023-12-09 07:56:39,IP Address,,100,181,True,2023-12-09 07:56:40,R_2c7Wf5ZicZqRTna,,,,,,,anonymous,EN,Ja,1997,Vrouw,Universiteit,,Heel waarschijnlijk,Onwaarschijnlijk,2 keer,1 keer,Niet mee eens,Niet mee eens,Mee eens,Neutraal,Eens,Helemaal eens,Helemaal eens,Helemaal eens,Eens,2,3,4,4,5,5,4,8,4,5,Eens,Neutraal,Eens,Eens,5,4,6,6,5,3,6,6,Mee eens,Een beetje eens,Mee eens,Mee eens,2
2023-12-12 01:30:15,2023-12-12 01:41:22,IP Address,,100,666,True,2023-12-12 01:41:23,R_24kPFMvJ2F6OMMa,,,,,,,anonymous,EN,Ja,1999,Vrouw,Universiteit,,Waarschijnlijk,Onwaarschijnlijk,2 keer,0 keer,Neutraal,Niet mee eens,Mee eens,Eens,Eens,Helemaal eens,Eens,Helemaal eens,Helemaal eens,1,1,8,3,4,3,5,7,6,3,Eens,Niet eens,Niet eens,Neutraal,7,7,7,7,7,2,3,3,Neutraal,Niet mee eens,Mee eens,Niet mee eens,3
2023-12-12 05:14:40,2023-12-12 05:18:07,IP Address,,100,207,True,2023-12-12 05:18:08,R_2fBzBmAtM5vhamk,,,,,,,anonymous,EN,Ja,2000,Vrouw,Universiteit,,Heel waarschijnlijk,Onwaarschijnlijk,2 keer,1 keer,Niet mee eens,Niet mee eens,Neutraal,Niet eens,Helemaal niet eens,Eens,Helemaal niet eens,Eens,Neutraal,1,1,5,1,6,5,1,8,3,5,Eens,Niet eens,Helemaal niet eens,Helemaal niet eens,7,7,7,7,7,3,2,4,Mee eens,Een beetje oneens,Mee eens,Een beetje eens,1
2023-12-12 05:29:09,2023-12-12 05:39:34,IP Address,,100,624,True,2023-12-12 05:39:34,R_6zNnCZ516FlmRK9,,,,,,,anonymous,EN,Ja,1999,Vrouw,Universiteit,,Heel waarschijnlijk,Onwaarschijnlijk,3 keer of meer,3 keer of meer,Mee eens,Niet mee eens,Mee eens,Niet eens,Niet eens,Eens,Eens,Eens,Niet eens,5,6,7,5,7,8,6,4,7,3,Eens,Eens,Helemaal eens,Eens,5,7,6,6,6,2,2,6,Mee eens,Een beetje eens,Mee eens,Een beetje eens,2
2023-12-12 06:33:50,2023-12-12 06:38:26,IP Address,,100,275,True,2023-12-12 06:38:27,R_DqKVl0hG7s4IUHn,,,,,,,anonymous,EN,Ja,2001,Man,Universiteit,,Heel waarschijnlijk,Neutraal,1 keer,0 keer,Mee eens,Mee eens,Helemaal mee eens,Neutraal,Eens,Eens,Neutraal,Helemaal eens,Eens,3,2,9,7,4,2,6,7,3,3,Helemaal eens,Eens,Eens,Neutraal,6,6,6,6,6,2,2,4,Een beetje eens,Een beetje oneens,Mee eens,Niet mee eens,1
2023-12-12 07:07:23,2023-12-12 07:09:36,IP Address,,100,132,True,2023-12-12 07:09:37,R_3O6bVAuULI6reME,,,,,,,anonymous,EN,Ja,2005,Man,havo,,Heel waarschijnlijk,Neutraal,2 keer,0 keer,Niet mee eens,Niet mee eens,Mee eens,Eens,Neutraal,Neutraal,Neutraal,Neutraal,Neutraal,6,6,6,6,7,4,7,8,7,6,Neutraal,Niet eens,Neutraal,Neutraal,3,5,4,6,4,5,5,4,Een beetje oneens,Neutraal,Een beetje eens,Mee eens,3
2023-12-12 07:36:02,2023-12-12 07:40:32,IP Address,,100,270,True,2023-12-12 07:40:33,R_2VpzjAw9xkxs6jp,,,,,,,anonymous,EN,Ja,2000,Vrouw,Universiteit,,Heel waarschijnlijk,Onwaarschijnlijk,2 keer,2 keer,Niet mee eens,Niet mee eens,Niet mee eens,Eens,Eens,Eens,Eens,Helemaal eens,Helemaal eens,3,3,3,9,7,3,5,5,4,3,Eens,Niet eens,Neutraal,Neutraal,5,4,5,6,4,3,3,3,Een beetje eens,Een beetje oneens,Neutraal,Een beetje eens,1
2023-12-12 07:44:18,2023-12-12 07:50:29,IP Address,,100,370,True,2023-12-12 07:50:30,R_1MLpl345xbMzTmu,,,,,,,anonymous,EN,Ja,2002,Vrouw,Anders:,hbo,Heel waarschijnlijk,Onwaarschijnlijk,3 keer of meer,3 keer of meer,Mee eens,Neutraal,Mee eens,Neutraal,Eens,Helemaal eens,Eens,Niet eens,Helemaal eens,9,8,5,5,5,7,4,5,2,6,Neutraal,Niet eens,Niet eens,Niet eens,4,3,4,3,4,5,5,3,Een beetje eens,Een beetje oneens,Een beetje oneens,Neutraal,3
2023-12-13 01:20:53,2023-12-13 01:24:02,IP Address,,100,189,True,2023-12-13 01:24:02,R_1dtNGxCGd9Lcyu1,,,,,,,anonymous,EN,Ja,1999,Vrouw,Universiteit,,Waarschijnlijk,Onwaarschijnlijk,3 keer of meer,2 keer,Mee eens,Neutraal,Mee eens,Eens,Neutraal,Niet eens,Niet eens,Eens,Neutraal,3,3,5,3,7,6,3,7,4,5,Niet eens,Niet eens,Niet eens,Helemaal niet eens,4,5,4,4,4,6,6,4,Niet mee eens,Niet mee eens,Een beetje eens,Een beetje eens,2
2023-12-13 02:45:36,2023-12-13 02:52:03,IP Address,,100,387,True,2023-12-13 02:52:04,R_2co9HTVRLDwUahs,,,,,,,anonymous,EN,Ja,2000,Man,Universiteit,,Waarschijnlijk,Onwaarschijnlijk,3 keer of meer,3 keer of meer,Mee eens,Helemaal mee eens,Helemaal mee eens,Neutraal,Helemaal eens,Helemaal eens,Eens,Eens,Helemaal eens,4,7,5,6,5,5,7,4,3,2,Helemaal eens,Eens,Helemaal niet eens,Eens,6,6,5,6,6,3,7,4,Een beetje oneens,Helemaal mee eens,Mee eens,Neutraal,1
2023-12-13 03:18:48,2023-12-13 03:21:43,IP Address,,100,174,True,2023-12-13 03:21:43,R_RWy441wuXKHm3eh,,,,,,,anonymous,EN,Ja,2000,Man,Universiteit,,Heel waarschijnlijk,Heel onwaarschijnlijk,3 keer of meer,3 keer of meer,Neutraal,Mee eens,Mee eens,Eens,Helemaal eens,Eens,Helemaal eens,Helemaal eens,Eens,4,4,4,5,7,4,8,6,7,2,Eens,Eens,Niet eens,Eens,5,5,6,7,7,2,3,4,Een beetje eens,Neutraal,Een beetje oneens,Neutraal,3
2023-12-13 04:15:18,2023-12-13 04:22:36,IP Address,,100,438,True,2023-12-13 04:22:37,R_W9eJ27Y0tacC7o5,,,,,,,anonymous,EN,Ja,1997,Vrouw,Anders:,hbo,Heel waarschijnlijk,Waarschijnlijk,3 keer of meer,2 keer,Mee eens,Mee eens,Mee eens,Eens,Helemaal eens,Helemaal eens,Eens,Neutraal,Eens,5,4,4,5,7,5,5,6,5,6,Eens,Eens,Eens,Eens,4,4,4,4,4,2,1,3,Mee eens,Neutraal,Mee eens,Een beetje eens,2
2023-12-13 05:44:12,2023-12-13 05:47:45,IP Address,,100,213,True,2023-12-13 05:47:46,R_qPCAc1xaYIoZM6R,,,,,,,anonymous,EN,Ja,2003,Man,havo,,Heel waarschijnlijk,Neutraal,2 keer,1 keer,Helemaal niet mee eens,Niet mee eens,Helemaal mee eens,Neutraal,Neutraal,Helemaal eens,Helemaal niet eens,Helemaal eens,Helemaal eens,1,1,5,2,1,10,1,10,5,4,Neutraal,Neutraal,Neutraal,Helemaal niet eens,7,7,7,1,7,1,1,1,Helemaal niet mee eens,Helemaal mee eens,Helemaal mee eens,Helemaal niet mee eens,1
2023-12-13 06:46:51,2023-12-13 06:49:25,IP Address,,100,154,True,2023-12-13 06:49:26,R_RekqGypb3DmYtpv,,,,,,,anonymous,EN,Ja,1999,Man,Universiteit,,Heel waarschijnlijk,Onwaarschijnlijk,2 keer,2 keer,Helemaal niet mee eens,Helemaal mee eens,Neutraal,Eens,Eens,Eens,Eens,Eens,Eens,10,9,5,1,6,1,1,9,1,1,Eens,Eens,Niet eens,Eens,7,7,7,7,7,1,1,7,Mee eens,Niet mee eens,Mee eens,Mee eens,2
2023-12-13 06:51:30,2023-12-13 06:59:51,IP Address,,100,500,True,2023-12-13 06:59:51,R_DAXiy7eThZRAGat,,,,,,,anonymous,EN,Ja,2000,Man,havo,,Heel waarschijnlijk,Onwaarschijnlijk,2 keer,1 keer,Niet mee eens,Niet mee eens,Neutraal,Eens,Eens,Eens,Niet eens,Eens,Eens,6,5,5,6,6,5,4,5,3,5,Eens,Niet eens,Neutraal,Niet eens,6,6,6,6,5,2,2,4,Een beetje eens,Een beetje eens,Mee eens,Een beetje eens,3
2023-12-13 07:44:42,2023-12-13 07:54:00,IP Address,,100,557,True,2023-12-13 07:54:01,R_1C3Aen8yKIPCNKX,,,,,,,anonymous,EN,Ja,1996,Vrouw,Universiteit,,Heel waarschijnlijk,Waarschijnlijk,2 keer,2 keer,Mee eens,Neutraal,Helemaal mee eens,Helemaal eens,Helemaal eens,Eens,Helemaal eens,Eens,Helemaal eens,3,3,3,2,5,4,3,5,1,1,Neutraal,Niet eens,Helemaal niet eens,Helemaal eens,6,6,7,6,6,3,1,4,Mee eens,Een beetje eens,Helemaal mee eens,Een beetje eens,3
2023-12-13 13:55:05,2023-12-13 13:57:27,IP Address,,100,142,True,2023-12-13 13:57:28,R_5Cxh5FpVDuc3okK,,,,,,,anonymous,EN,Ja,1999,Man,Universiteit,,Heel waarschijnlijk,Onwaarschijnlijk,2 keer,2 keer,Neutraal,Niet mee eens,Neutraal,Eens,Helemaal eens,Eens,Eens,Helemaal eens,Eens,4,3,6,4,4,7,5,7,4,7,Niet eens,Niet eens,Helemaal niet eens,Neutraal,5,7,6,5,6,3,2,5,Mee eens,Niet mee eens,Een beetje eens,Een beetje oneens,1
2023-12-13 14:20:24,2023-12-13 14:30:36,IP Address,,100,611,True,2023-12-13 14:30:36,R_7ZowrIoaUgClCWB,,,,,,,anonymous,EN,Ja,2002,Vrouw,havo,,Heel waarschijnlijk,Onwaarschijnlijk,1 keer,1 keer,Neutraal,Mee eens,Mee eens,Neutraal,Eens,Helemaal eens,Neutraal,Helemaal eens,Helemaal eens,3,3,6,3,5,7,4,8,5,7,Eens,Neutraal,Niet eens,Neutraal,5,6,6,6,5,5,3,5,Een beetje oneens,Een beetje eens,Mee eens,Niet mee eens,2
2023-12-14 01:05:59,2023-12-14 01:12:52,IP Address,,100,412,True,2023-12-14 01:12:52,R_8ghQ6EyzbjveoMx,,,,,,,anonymous,EN,Ja,1997,Vrouw,Universiteit,,Waarschijnlijk,Onwaarschijnlijk,0 keer,0 keer,Mee eens,Mee eens,Mee eens,Eens,Eens,Helemaal eens,Eens,Eens,Helemaal eens,4,4,5,7,5,5,5,5,3,3,Eens,Neutraal,Niet eens,Eens,5,5,5,5,5,3,2,5,Een beetje oneens,Helemaal mee eens,Helemaal mee eens,Niet mee eens,3
2023-12-14 03:04:46,2023-12-14 03:21:52,IP Address,,100,1026,True,2023-12-14 03:21:53,R_7KPL2uRrNEMqY8O,,,,,,,anonymous,EN,Ja,1995,Man,mbo,,Heel waarschijnlijk,Neutraal,2 keer,1 keer,Mee eens,Neutraal,Helemaal mee eens,Eens,Eens,Eens,Helemaal eens,Helemaal eens,Eens,4,4,5,2,3,6,3,7,3,6,Helemaal niet eens,Helemaal niet eens,Helemaal niet eens,Neutraal,6,7,6,5,6,2,1,4,Mee eens,Neutraal,Mee eens,Een beetje eens,1
2023-12-14 04:32:43,2023-12-14 04:36:34,IP Address,,100,231,True,2023-12-14 04:36:35,R_1MQePYWfKosB0Po,,,,,,,anonymous,EN,Ja,2003,Vrouw,havo,,Heel waarschijnlijk,Neutraal,1 keer,0 keer,Mee eens,Mee eens,Helemaal mee eens,Neutraal,Eens,Neutraal,Neutraal,Eens,Eens,3,5,5,3,4,5,2,7,4,6,Eens,Neutraal,Neutraal,Niet eens,4,2,5,5,2,3,2,4,Een beetje eens,Helemaal mee eens,Helemaal mee eens,Neutraal,2
2023-12-14 04:41:43,2023-12-14 04:49:50,IP Address,,100,486,True,2023-12-14 04:49:51,R_2g0IsI5jEZYMWD7,,,,,,,anonymous,EN,Ja,1999,Man,Anders:,HBO,Heel waarschijnlijk,Neutraal,2 keer,0 keer,Mee eens,Helemaal mee eens,Helemaal mee eens,Neutraal,Helemaal eens,Neutraal,Eens,Eens,Eens,8,7,6,7,7,4,6,6,5,4,Eens,Neutraal,Neutraal,Neutraal,6,5,6,5,6,2,3,4,Mee eens,Een beetje eens,Mee eens,Niet mee eens,2
2023-12-14 07:55:26,2023-12-14 07:57:37,IP Address,,100,131,True,2023-12-14 07:57:38,R_2JRrZqEKVN9M8Tu,,,,,,,anonymous,EN,Ja,1999,Vrouw,Universiteit,,Heel waarschijnlijk,Neutraal,3 keer of meer,3 keer of meer,Niet mee eens,Niet mee eens,Mee eens,Eens,Niet eens,Niet eens,Neutraal,Niet eens,Neutraal,6,6,7,6,6,7,8,8,6,4,Neutraal,Niet eens,Niet eens,Niet eens,4,3,3,4,4,3,3,4,Neutraal,Neutraal,Neutraal,Neutraal,1
2023-12-14 10:34:04,2023-12-14 10:36:38,IP Address,,100,154,True,2023-12-14 10:36:39,R_70r8Qk5dzC3voJ4,,,,,,,anonymous,EN,Ja,2000,Man,Universiteit,,Waarschijnlijk,Waarschijnlijk,1 keer,1 keer,Helemaal niet mee eens,Helemaal niet mee eens,Helemaal niet mee eens,Eens,Eens,Eens,Eens,Eens,Eens,3,2,5,5,5,5,5,5,5,5,Neutraal,Eens,Neutraal,Eens,3,5,5,4,4,5,4,3,Een beetje eens,Een beetje eens,Een beetje oneens,Een beetje eens,3
2023-12-14 13:28:03,2023-12-14 13:35:38,IP Address,,100,454,True,2023-12-14 13:35:39,R_5BJRoH0928RgnKN,,,,,,,anonymous,EN,Ja,2001,Man,mbo,,Heel waarschijnlijk,Heel onwaarschijnlijk,0 keer,0 keer,Helemaal niet mee eens,Neutraal,Mee eens,Eens,Eens,Eens,Eens,Neutraal,Helemaal eens,6,6,6,3,5,5,5,6,6,6,Eens,Niet eens,Neutraal,Neutraal,5,5,5,5,6,5,4,4,Neutraal,Mee eens,Mee eens,Een beetje oneens,2
2023-12-15 14:18:44,2023-12-15 14:34:11,IP Address,,100,927,True,2023-12-15 14:34:12,R_70dfpDd8Txm1VmR,,,,,,,anonymous,EN,Ja,1998,Vrouw,Universiteit,,Heel waarschijnlijk,Neutraal,3 keer of meer,1 keer,Mee eens,Mee eens,Mee eens,Neutraal,Eens,Helemaal eens,Helemaal eens,Neutraal,Helemaal eens,2,3,4,5,6,4,4,6,4,4,Eens,Eens,Niet eens,Eens,3,4,6,5,4,2,3,5,Een beetje oneens,Neutraal,Helemaal mee eens,Neutraal,1
2023-12-16 18:57:58,2023-12-16 19:04:47,IP Address,,100,408,True,2023-12-16 19:04:47,R_1D1ZBkNswkCeTk7,,,,,,,anonymous,EN,Ja,2003,Vrouw,havo,,Heel waarschijnlijk,Neutraal,2 keer,3 keer of meer,Mee eens,Neutraal,Helemaal mee eens,Neutraal,Eens,Helemaal eens,Neutraal,Neutraal,Eens,5,5,6,4,5,5,3,7,5,4,Eens,Neutraal,Eens,Neutraal,5,3,3,4,4,3,5,3,Neutraal,Een beetje eens,Neutraal,Een beetje eens,1
2023-12-17 04:49:38,2023-12-17 04:53:33,IP Address,,100,235,True,2023-12-17 04:53:34,R_2me3HiiW6ryUjxe,,,,,,,anonymous,EN,Ja,1998,Man,Anders:,Middelbaar,Waarschijnlijk,Onwaarschijnlijk,0 keer,0 keer,Mee eens,Neutraal,Mee eens,Eens,Eens,Helemaal eens,Eens,Neutraal,Eens,4,4,7,6,3,7,6,6,4,5,Niet eens,Niet eens,Niet eens,Neutraal,4,4,4,4,4,4,4,4,Neutraal,Een beetje eens,Neutraal,Neutraal,2
2023-12-17 05:10:11,2023-12-17 05:12:03,IP Address,,100,111,True,2023-12-17 05:12:04,R_22MddMSwlXf0ANu,,,,,,,anonymous,EN,Ja,1998,Vrouw,Universiteit,,Neutraal,Neutraal,1 keer,0 keer,Helemaal niet mee eens,Helemaal niet mee eens,Helemaal niet mee eens,Helemaal niet eens,Helemaal niet eens,Helemaal niet eens,Helemaal niet eens,Helemaal niet eens,Helemaal niet eens,5,5,4,5,3,7,3,6,4,6,Niet eens,Eens,Eens,Neutraal,4,4,4,4,4,3,4,4,Neutraal,Neutraal,Neutraal,Neutraal,3
2023-12-17 10:03:14,2023-12-17 10:08:14,IP Address,,100,299,True,2023-12-17 10:08:15,R_4dhQQMtHBTETOc4,,,,,,,anonymous,EN,Ja,2003,Man,mavo,,Heel waarschijnlijk,Onwaarschijnlijk,0 keer,0 keer,Niet mee eens,Mee eens,Helemaal mee eens,Eens,Eens,Helemaal eens,Helemaal eens,Helemaal eens,Neutraal,8,3,7,6,7,7,6,4,7,3,Eens,Eens,Helemaal eens,Helemaal eens,5,5,5,4,4,2,2,5,Niet mee eens,Een beetje eens,Een beetje oneens,Neutraal,3
2023-12-17 13:40:06,2023-12-17 13:44:12,IP Address,,100,246,True,2023-12-17 13:44:13,R_2LgSS3ju9VIqc4c,,,,,,,anonymous,EN,Ja,2006,Vrouw,vmbo,,Heel waarschijnlijk,Onwaarschijnlijk,3 keer of meer,3 keer of meer,Niet mee eens,Mee eens,Neutraal,Neutraal,Eens,Eens,Eens,Eens,Eens,3,1,7,1,5,6,2,8,5,8,Helemaal eens,Neutraal,Neutraal,Neutraal,5,5,6,5,6,2,2,3,Mee eens,Helemaal mee eens,Helemaal mee eens,Helemaal mee eens,2
2023-12-18 03:50:30,2023-12-18 03:53:33,IP Address,,100,183,True,2023-12-18 03:53:34,R_3JqqBJcyi5oWmdB,,,,,,,anonymous,EN,Ja,2000,Man,Anders:,HBO,Waarschijnlijk,Onwaarschijnlijk,0 keer,0 keer,Niet mee eens,Niet mee eens,Neutraal,Eens,Eens,Eens,Eens,Neutraal,Neutraal,5,5,6,5,7,5,7,6,4,3,Neutraal,Neutraal,Neutraal,Eens,6,6,5,5,5,5,5,4,Neutraal,Een beetje eens,Een beetje eens,Neutraal,1
2023-12-18 05:09:26,2023-12-18 05:14:00,IP Address,,100,274,True,2023-12-18 05:14:01,R_7kjtdRmkk0VyFHg,,,,,,,anonymous,EN,Ja,1999,Vrouw,Universiteit,,Heel waarschijnlijk,Neutraal,3 keer of meer,2 keer,Mee eens,Mee eens,Mee eens,Eens,Eens,Eens,Eens,Eens,Eens,3,3,5,5,7,6,6,5,7,4,Eens,Eens,Eens,Eens,5,5,6,5,5,3,2,3,Mee eens,Een beetje oneens,Een beetje eens,Een beetje eens,3
2023-12-18 09:05:23,2023-12-18 09:09:45,IP Address,,100,261,True,2023-12-18 09:09:46,R_5lVVXZRzsmpRxmu,,,,,,,anonymous,EN,Ja,2000,Man,havo,,Heel waarschijnlijk,Onwaarschijnlijk,3 keer of meer,2 keer,Niet mee eens,Niet mee eens,Niet mee eens,Eens,Eens,Eens,Eens,Eens,Neutraal,4,5,3,4,7,3,4,5,5,5,Neutraal,Helemaal niet eens,Helemaal niet eens,Neutraal,5,6,3,5,6,2,2,4,Een beetje eens,Een beetje eens,Een beetje eens,Neutraal,1
2023-12-18 09:45:53,2023-12-18 09:53:57,IP Address,,100,484,True,2023-12-18 09:53:58,R_35bxihBp8nf5hfP,,,,,,,anonymous,EN,Ja,2000,Vrouw,vwo,,Heel waarschijnlijk,Heel onwaarschijnlijk,3 keer of meer,3 keer of meer,Helemaal niet mee eens,Neutraal,Neutraal,Helemaal eens,Helemaal eens,Helemaal eens,Helemaal eens,Eens,Neutraal,5,3,5,3,5,5,2,8,5,4,Niet eens,Niet eens,Helemaal niet eens,Neutraal,4,2,4,2,4,2,2,4,Mee eens,Helemaal niet mee eens,Niet mee eens,Mee eens,1
2023-12-19 01:30:51,2023-12-19 01:34:16,IP Address,,100,205,True,2023-12-19 01:34:17,R_14vGeqT232tyZYk,,,,,,,anonymous,EN,Ja,1991,Man,Universiteit,,Heel waarschijnlijk,Onwaarschijnlijk,2 keer,2 keer,Mee eens,Mee eens,Mee eens,Helemaal eens,Helemaal eens,Helemaal eens,Helemaal eens,Neutraal,Eens,2,2,5,5,5,5,5,5,5,3,Niet eens,Niet eens,Helemaal niet eens,Eens,5,5,5,5,5,5,5,4,Niet mee eens,Neutraal,Een beetje eens,Een beetje eens,2
2023-12-19 03:10:07,2023-12-19 03:15:56,IP Address,,100,349,True,2023-12-19 03:15:57,R_2l4ShrGN75a2HX5,,,,,,,anonymous,EN,Ja,1994,Vrouw,Universiteit,,Heel waarschijnlijk,Heel onwaarschijnlijk,3 keer of meer,3 keer of meer,Mee eens,Mee eens,Helemaal mee eens,Niet eens,Eens,Niet eens,Neutraal,Eens,Eens,9,9,5,4,6,8,3,8,4,7,Eens,Niet eens,Niet eens,Neutraal,3,3,3,2,4,1,1,5,Neutraal,Een beetje eens,Mee eens,Niet mee eens,3
2023-12-19 03:50:07,2023-12-19 03:56:02,IP Address,,100,355,True,2023-12-19 03:56:03,R_5EEVnftA4ibnRPQ,,,,,,,anonymous,EN,Ja,2002,Vrouw,havo,,Heel waarschijnlijk,Onwaarschijnlijk,2 keer,2 keer,Niet mee eens,Niet mee eens,Neutraal,Niet eens,Neutraal,Eens,Neutraal,Helemaal eens,Eens,1,1,5,3,6,5,1,7,4,5,Eens,Niet eens,Niet eens,Neutraal,7,5,5,6,6,7,7,4,Mee eens,Helemaal niet mee eens,Mee eens,Niet mee eens,2
2023-12-19 13:56:31,2023-12-19 13:59:12,IP Address,,100,160,True,2023-12-19 13:59:12,R_2Fh7DX9qvKV9Gkp,,,,,,,anonymous,EN,Ja,2002,Man,havo,,Heel waarschijnlijk,Heel onwaarschijnlijk,3 keer of meer,3 keer of meer,Niet mee eens,Niet mee eens,Mee eens,Niet eens,Niet eens,Eens,Helemaal niet eens,Neutraal,Eens,7,7,5,4,6,3,4,5,2,3,Eens,Niet eens,Niet eens,Niet eens,5,6,5,4,5,2,5,4,Mee eens,Mee eens,Mee eens,Een beetje oneens,1
2023-12-20 01:41:30,2023-12-20 01:50:37,IP Address,,100,546,True,2023-12-20 01:50:38,R_1GUKIqOuSKsBGSM,,,,,,,anonymous,EN,Ja,2005,Vrouw,vmbo,,Heel waarschijnlijk,Heel onwaarschijnlijk,1 keer,1 keer,Neutraal,Niet mee eens,Mee eens,Niet eens,Niet eens,Niet eens,Helemaal niet eens,Eens,Eens,4,3,5,4,6,6,3,7,4,8,Eens,Neutraal,Neutraal,Niet eens,4,5,5,5,5,3,3,5,Mee eens,Mee eens,Mee eens,Mee eens,3
2023-12-20 04:41:29,2023-12-20 04:44:09,IP Address,,100,160,True,2023-12-20 04:44:10,R_61pQPHuC99q6rWi,,,,,,,anonymous,EN,Ja,2000,Vrouw,Universiteit,,Heel waarschijnlijk,Onwaarschijnlijk,3 keer of meer,1 keer,Niet mee eens,Niet mee eens,Helemaal niet mee eens,Helemaal eens,Eens,Eens,Eens,Eens,Eens,3,3,6,3,6,4,4,7,4,8,Niet eens,Niet eens,Niet eens,Niet eens,4,5,4,4,3,5,3,3,Een beetje oneens,Neutraal,Een beetje oneens,Een beetje eens,3
2023-12-20 07:55:32,2023-12-20 08:06:25,IP Address,,100,652,True,2023-12-20 08:06:25,R_16lKHLxXcLyU602,,,,,,,anonymous,EN,Ja,2001,Man,Universiteit,,Waarschijnlijk,Onwaarschijnlijk,1 keer,1 keer,Mee eens,Mee eens,Helemaal mee eens,Eens,Neutraal,Helemaal eens,Eens,Helemaal eens,Eens,2,2,6,4,7,5,4,4,4,5,Eens,Eens,Eens,Neutraal,6,7,6,7,6,6,5,3,Neutraal,Mee eens,Mee eens,Een beetje oneens,1
2023-12-21 03:15:38,2023-12-21 03:20:11,IP Address,,100,273,True,2023-12-21 03:20:12,R_2G6qpMtaTTQ0Zim,,,,,,,anonymous,EN,Ja,2002,Man,havo,,Waarschijnlijk,Onwaarschijnlijk,3 keer of meer,2 keer,Niet mee eens,Niet mee eens,Neutraal,Eens,Eens,Eens,Eens,Eens,Eens,3,5,4,6,5,7,5,4,6,2,Helemaal eens,Eens,Eens,Eens,5,6,6,5,6,2,2,5,Neutraal,Neutraal,Mee eens,Een beetje oneens,2
2023-12-21 05:37:10,2023-12-21 05:44:03,IP Address,,100,412,True,2023-12-21 05:44:03,R_2Dy4ZkQIk4YSNG1,,,,,,,anonymous,EN,Ja,2000,Man,vwo,,Neutraal,Neutraal,3 keer of meer,2 keer,Helemaal mee eens,Helemaal mee eens,Helemaal mee eens,Neutraal,Neutraal,Helemaal eens,Neutraal,Helemaal eens,Eens,7,3,7,7,4,7,4,8,3,6,Helemaal eens,Eens,Niet eens,Neutraal,6,6,6,5,7,2,2,4,Mee eens,Mee eens,Helemaal mee eens,Niet mee eens,2
2023-12-21 09:29:22,2023-12-21 09:34:37,IP Address,,100,314,True,2023-12-21 09:34:38,R_1p8Pt9G7aih0HGo,,,,,,,anonymous,EN,Ja,2003,Man,vwo,,Waarschijnlijk,Onwaarschijnlijk,3 keer of meer,3 keer of meer,Neutraal,Mee eens,Niet mee eens,Eens,Helemaal eens,Helemaal eens,Helemaal eens,Helemaal eens,Helemaal eens,5,9,6,3,4,5,3,7,2,4,Eens,Niet eens,Eens,Niet eens,4,6,5,3,4,6,6,5,Helemaal mee eens,Helemaal niet mee eens,Mee eens,Helemaal mee eens,3
2023-12-21 10:33:40,2023-12-21 10:55:37,IP Address,,100,1316,True,2023-12-21 10:55:37,R_4gLmFPJBwnPRP11,,,,,,,anonymous,EN,Ja,1997,Vrouw,havo,,Waarschijnlijk,Onwaarschijnlijk,1 keer,0 keer,Mee eens,Helemaal mee eens,Neutraal,Neutraal,Eens,Helemaal eens,Helemaal eens,Niet eens,Eens,4,2,7,4,6,7,8,6,7,3,Eens,Eens,Neutraal,Neutraal,6,5,5,5,4,4,4,5,Een beetje eens,Neutraal,Een beetje eens,Mee eens,1
2023-12-22 05:11:13,2023-12-22 05:14:26,IP Address,,100,192,True,2023-12-22 05:14:27,R_2Hm9xpOghQIoVAB,,,,,,,anonymous,EN,Ja,1997,Man,Universiteit,,Heel waarschijnlijk,Onwaarschijnlijk,3 keer of meer,3 keer of meer,Niet mee eens,Neutraal,Helemaal mee eens,Eens,Helemaal eens,Helemaal eens,Neutraal,Eens,Helemaal eens,7,8,9,3,5,5,3,8,6,4,Niet eens,Niet eens,Niet eens,Eens,6,5,6,5,5,2,2,6,Mee eens,Een beetje eens,Mee eens,Niet mee eens,3
2023-12-16 09:46:16,2023-12-16 09:52:12,IP Address,,69,356,False,2023-12-23 09:52:18,R_4iaFIw4oLPCuB7K,,,,,,,anonymous,EN,Ja,,,,,,,,,,,,,,,,,,,,,,,,,,,,,,,,,,,,,,,,,,,,3
2023-12-24 06:24:55,2023-12-24 06:31:33,IP Address,,100,398,True,2023-12-24 06:31:34,R_24bMfsl3EWYm1bZ,,,,,,,anonymous,EN,Ja,2002,Man,vwo,,Neutraal,Waarschijnlijk,3 keer of meer,0 keer,Mee eens,Niet mee eens,Helemaal mee eens,Helemaal eens,Helemaal eens,Helemaal eens,Helemaal eens,Eens,Helemaal eens,2,4,5,8,6,4,6,4,3,2,Niet eens,Niet eens,Helemaal niet eens,Neutraal,5,4,6,5,4,2,2,3,Niet mee eens,Een beetje eens,Mee eens,Een beetje oneens,2
2023-12-24 08:24:28,2023-12-24 08:30:16,IP Address,,100,348,True,2023-12-24 08:30:17,R_2lVLjewnn7uacSN,,,,,,,anonymous,EN,Ja,2002,Vrouw,mbo,,Waarschijnlijk,Waarschijnlijk,1 keer,0 keer,Mee eens,Mee eens,Helemaal mee eens,Eens,Eens,Eens,Neutraal,Helemaal eens,Eens,2,1,6,3,6,8,2,7,4,5,Neutraal,Neutraal,Niet eens,Eens,5,7,7,6,6,1,1,5,Mee eens,Helemaal mee eens,Helemaal mee eens,Niet mee eens,3
2023-12-18 09:04:27,2023-12-18 09:05:12,IP Address,,44,45,False,2023-12-25 09:05:15,R_6QkG1mLsSRHHlcd,,,,,,,anonymous,EN,Ja,2000,Man,havo,,Heel waarschijnlijk,Neutraal,,,,,,,,,,,,,,,,,,,,,,,,,,,,,,,,,,,,,,2
2023-12-25 10:24:40,2023-12-25 10:35:11,IP Address,,100,630,True,2023-12-25 10:35:11,R_8uxLs8P5U64yBJj,,,,,,,anonymous,EN,Ja,2001,Vrouw,vwo,,Heel waarschijnlijk,Heel onwaarschijnlijk,3 keer of meer,3 keer of meer,Niet mee eens,Helemaal niet mee eens,Niet mee eens,Niet eens,Eens,Eens,Helemaal niet eens,Neutraal,Eens,1,1,5,8,6,4,6,4,3,1,Neutraal,Eens,Niet eens,Neutraal,6,6,6,6,6,2,2,6,Mee eens,Neutraal,Een beetje eens,Een beetje eens,1
2023-12-26 01:04:41,2023-12-26 01:08:05,IP Address,,100,204,True,2023-12-26 01:08:06,R_1eOKbvcCRfIganD,,,,,,,anonymous,EN,Ja,2000,Vrouw,Anders:,Bachelor,Heel waarschijnlijk,Neutraal,3 keer of meer,1 keer,Neutraal,Neutraal,Mee eens,Niet eens,Neutraal,Neutraal,Eens,Eens,Eens,7,8,5,4,4,5,3,5,6,5,Eens,Eens,Eens,Niet eens,5,4,6,4,5,6,6,5,Een beetje eens,Een beetje eens,Een beetje eens,Een beetje eens,2
2023-12-27 03:34:13,2023-12-27 03:44:23,IP Address,,100,609,True,2023-12-27 03:44:24,R_2xYrMM8jD9idBrA,,,,,,,anonymous,EN,Ja,1998,Man,Universiteit,,Heel waarschijnlijk,Onwaarschijnlijk,3 keer of meer,2 keer,Mee eens,Neutraal,Mee eens,Eens,Helemaal eens,Eens,Eens,Eens,Eens,2,3,5,4,5,7,4,7,7,4,Eens,Niet eens,Niet eens,Neutraal,6,6,6,6,6,6,7,4,Een beetje eens,Mee eens,Helemaal mee eens,Helemaal niet mee eens,1
2023-12-27 10:02:35,2023-12-27 10:06:10,IP Address,,100,215,True,2023-12-27 10:06:11,R_2r1wyHkcMwxKIgs,,,,,,,anonymous,EN,Ja,2002,Man,vwo,,Neutraal,Waarschijnlijk,2 keer,0 keer,Mee eens,Helemaal mee eens,Helemaal mee eens,Eens,Eens,Helemaal eens,Eens,Neutraal,Eens,6,4,6,4,7,4,6,5,3,3,Eens,Neutraal,Eens,Helemaal eens,5,6,5,5,4,3,2,6,Een beetje eens,Neutraal,Een beetje eens,Een beetje eens,2
2023-12-27 13:42:37,2023-12-27 13:45:43,IP Address,,100,185,True,2023-12-27 13:45:43,R_20qpRyVA8IEy9a1,,,,,,,anonymous,EN,Ja,2002,Man,Universiteit,,Heel waarschijnlijk,Onwaarschijnlijk,2 keer,1 keer,Mee eens,Neutraal,Neutraal,Eens,Eens,Eens,Eens,Eens,Eens,4,2,5,3,7,3,3,7,4,6,Eens,Niet eens,Neutraal,Niet eens,7,6,7,6,6,6,6,6,Een beetje eens,Een beetje eens,Mee eens,Niet mee eens,3
2023-12-28 03:46:29,2023-12-28 03:51:47,IP Address,,100,317,True,2023-12-28 03:51:48,R_8wmSf0pH6tR9CHn,,,,,,,anonymous,EN,Ja,2005,Man,havo,,Heel waarschijnlijk,Heel onwaarschijnlijk,2 keer,1 keer,Neutraal,Niet mee eens,Mee eens,Neutraal,Neutraal,Eens,Niet eens,Eens,Neutraal,5,4,6,4,6,5,4,7,4,5,Eens,Neutraal,Neutraal,Niet eens,3,4,6,5,5,5,3,4,Neutraal,Een beetje eens,Neutraal,Een beetje oneens,3
2023-12-28 05:02:06,2023-12-28 05:06:57,IP Address,,100,290,True,2023-12-28 05:06:58,R_5w07feF9CZ2o2Ku,,,,,,,anonymous,EN,Ja,1998,Vrouw,Universiteit,,Heel waarschijnlijk,Neutraal,3 keer of meer,3 keer of meer,Niet mee eens,Niet mee eens,Neutraal,Helemaal eens,Neutraal,Neutraal,Eens,Helemaal eens,Eens,3,3,5,4,6,5,3,7,4,9,Eens,Niet eens,Niet eens,Niet eens,6,6,6,6,6,3,3,6,Een beetje eens,Mee eens,Mee eens,Niet mee eens,1
2023-12-29 03:30:34,2023-12-29 03:36:44,IP Address,,100,370,True,2023-12-29 03:36:45,R_3GKyuLC0vG8dE8I,,,,,,,anonymous,EN,Ja,2000,Man,Universiteit,,Heel waarschijnlijk,Onwaarschijnlijk,0 keer,0 keer,Mee eens,Mee eens,Helemaal mee eens,Eens,Eens,Eens,Eens,Helemaal eens,Helemaal eens,4,3,7,4,4,3,4,7,5,3,Eens,Neutraal,Neutraal,Eens,5,6,5,5,6,6,2,4,Een beetje eens,Mee eens,Mee eens,Een beetje eens,1
2023-12-29 04:01:35,2023-12-29 04:04:40,IP Address,,100,184,True,2023-12-29 04:04:40,R_17asJMZGFpgveUy,,,,,,,anonymous,EN,Ja,2000,Vrouw,Anders:,HBO Bachelor,Heel waarschijnlijk,Onwaarschijnlijk,2 keer,2 keer,Helemaal niet mee eens,Neutraal,Neutraal,Eens,Eens,Eens,Helemaal eens,Helemaal eens,Eens,5,5,8,3,5,8,2,9,2,9,Neutraal,Niet eens,Helemaal niet eens,Neutraal,6,6,6,6,6,2,2,4,Mee eens,Een beetje oneens,Mee eens,Neutraal,3
2023-12-29 05:08:03,2023-12-29 05:10:01,IP Address,,100,117,True,2023-12-29 05:10:02,R_4gdsWuwys7NY43h,,,,,,,anonymous,EN,Ja,1997,Man,havo,,Neutraal,Neutraal,0 keer,0 keer,Neutraal,Neutraal,Neutraal,Neutraal,Neutraal,Neutraal,Neutraal,Neutraal,Neutraal,5,3,5,5,5,5,5,5,5,5,Neutraal,Neutraal,Neutraal,Neutraal,4,4,4,4,4,4,4,4,Neutraal,Neutraal,Neutraal,Neutraal,2
2023-12-29 05:35:17,2023-12-29 05:38:50,IP Address,,100,213,True,2023-12-29 05:38:51,R_2nbcQtv17MrxLZn,,,,,,,anonymous,EN,Ja,1999,Vrouw,Universiteit,,Heel onwaarschijnlijk,Heel waarschijnlijk,1 keer,0 keer,Helemaal mee eens,Mee eens,Helemaal mee eens,Eens,Eens,Niet eens,Eens,Helemaal eens,Neutraal,3,3,3,8,6,4,5,5,4,1,Eens,Neutraal,Niet eens,Eens,5,3,6,6,6,3,3,4,Een beetje eens,Mee eens,Mee eens,Een beetje oneens,2
2023-12-29 06:30:11,2023-12-29 06:38:06,IP Address,,100,474,True,2023-12-29 06:38:06,R_424plr0xDEd4YB2,,,,,,,anonymous,EN,Ja,1997,Man,Universiteit,,Heel waarschijnlijk,Onwaarschijnlijk,0 keer,0 keer,Niet mee eens,Niet mee eens,Niet mee eens,Eens,Eens,Helemaal eens,Eens,Eens,Helemaal eens,9,9,6,6,5,6,6,6,5,5,Eens,Niet eens,Niet eens,Eens,4,5,5,6,5,2,3,5,Neutraal,Een beetje eens,Een beetje eens,Een beetje oneens,3
2023-12-30 03:56:43,2023-12-30 04:00:23,IP Address,,100,219,True,2023-12-30 04:00:24,R_6EgcFesdelWXtnT,,,,,,,anonymous,EN,Ja,2001,Vrouw,Universiteit,,Heel waarschijnlijk,Neutraal,3 keer of meer,1 keer,Niet mee eens,Mee eens,Mee eens,Eens,Eens,Eens,Eens,Neutraal,Eens,3,3,8,7,5,5,4,7,3,2,Eens,Eens,Eens,Eens,6,3,3,2,3,1,3,5,Mee eens,Mee eens,Mee eens,Een beetje oneens,1
2023-12-31 04:16:17,2023-12-31 04:26:02,IP Address,,100,584,True,2023-12-31 04:26:03,R_5bVPsUhW0JOv2kp,,,,,,,anonymous,EN,Ja,1995,Vrouw,Anders:,hbo,Neutraal,Neutraal,3 keer of meer,3 keer of meer,Mee eens,Mee eens,Mee eens,Eens,Eens,Eens,Niet eens,Eens,Eens,3,3,7,3,5,7,4,7,5,4,Neutraal,Niet eens,Niet eens,Helemaal niet eens,5,6,6,6,4,3,3,4,Niet mee eens,Mee eens,Mee eens,Niet mee eens,2
2024-01-02 07:27:12,2024-01-02 07:30:52,IP Address,,100,220,True,2024-01-02 07:30:53,R_2e2xDBlD4yoa0fW,,,,,,,anonymous,EN,Ja,2006,Man,mavo,,Heel waarschijnlijk,Heel onwaarschijnlijk,3 keer of meer,2 keer,Helemaal mee eens,Mee eens,Mee eens,Niet eens,Eens,Eens,Niet eens,Eens,Niet eens,3,3,7,3,3,6,4,7,5,4,Eens,Neutraal,Niet eens,Eens,5,5,6,6,6,5,5,5,Neutraal,Een beetje eens,Een beetje eens,Neutraal,1
2024-01-02 07:35:54,2024-01-02 07:41:18,IP Address,,100,323,True,2024-01-02 07:41:18,R_5w5orpVEaFqtVuJ,,,,,,,anonymous,EN,Ja,2000,Vrouw,Universiteit,,Waarschijnlijk,Neutraal,0 keer,0 keer,Helemaal mee eens,Mee eens,Mee eens,Helemaal eens,Helemaal eens,Eens,Helemaal eens,Helemaal eens,Helemaal eens,4,3,6,5,6,4,5,6,6,3,Helemaal eens,Helemaal eens,Neutraal,Eens,6,7,7,6,7,3,5,4,Een beetje oneens,Helemaal mee eens,Helemaal mee eens,Niet mee eens,2
2024-01-02 09:39:36,2024-01-02 09:41:30,IP Address,,100,113,True,2024-01-02 09:41:30,R_5E3IE4oo8PMZMel,,,,,,,anonymous,EN,Ja,2001,Man,mbo,,Waarschijnlijk,Heel onwaarschijnlijk,0 keer,0 keer,Niet mee eens,Niet mee eens,Niet mee eens,Eens,Niet eens,Neutraal,Eens,Neutraal,Niet eens,6,5,5,5,6,4,5,6,4,8,Neutraal,Niet eens,Eens,Neutraal,5,4,4,3,4,3,5,6,Een beetje oneens,Neutraal,Een beetje eens,Mee eens,3
2024-01-02 11:24:19,2024-01-02 11:37:36,IP Address,,100,796,True,2024-01-02 11:37:36,R_2zSA3k5XkmxTue5,,,,,,,anonymous,EN,Ja,1999,Vrouw,Universiteit,,Waarschijnlijk,Waarschijnlijk,3 keer of meer,1 keer,Mee eens,Mee eens,Mee eens,Eens,Helemaal eens,Helemaal eens,Helemaal eens,Eens,Helemaal eens,4,3,7,6,6,5,6,4,4,3,Eens,Helemaal eens,Neutraal,Eens,5,6,6,6,5,2,2,5,Mee eens,Mee eens,Mee eens,Een beetje oneens,2
2024-01-02 15:09:58,2024-01-02 15:16:51,IP Address,,100,412,True,2024-01-02 15:16:51,R_8AQEgfS2HmYqmXB,,,,,,,anonymous,EN,Ja,2001,Vrouw,Universiteit,,Waarschijnlijk,Onwaarschijnlijk,2 keer,1 keer,Mee eens,Mee eens,Helemaal mee eens,Eens,Eens,Helemaal eens,Eens,Helemaal eens,Eens,3,4,6,4,4,7,5,7,3,3,Eens,Niet eens,Niet eens,Eens,6,6,6,6,6,3,3,5,Een beetje eens,Helemaal mee eens,Mee eens,Niet mee eens,1
2024-01-03 02:36:16,2024-01-03 02:39:54,IP Address,,100,217,True,2024-01-03 02:39:55,R_2D2rIXQqWA5vHys,,,,,,,anonymous,EN,Ja,2001,Vrouw,Universiteit,,Heel waarschijnlijk,Onwaarschijnlijk,3 keer of meer,2 keer,Mee eens,Mee eens,Mee eens,Helemaal eens,Helemaal eens,Eens,Helemaal eens,Helemaal eens,Eens,2,2,9,7,3,8,6,6,7,3,Eens,Eens,Eens,Eens,6,6,6,6,6,1,1,3,Neutraal,Mee eens,Mee eens,Niet mee eens,2
2024-01-03 04:12:49,2024-01-03 04:15:56,IP Address,,100,186,True,2024-01-03 04:15:57,R_31o0FSvJ1ID7fSN,,,,,,,anonymous,EN,Ja,2001,Vrouw,Universiteit,,Heel waarschijnlijk,Onwaarschijnlijk,3 keer of meer,3 keer of meer,Neutraal,Neutraal,Mee eens,Eens,Niet eens,Eens,Eens,Eens,Neutraal,5,4,7,4,5,7,4,6,5,7,Eens,Neutraal,Neutraal,Niet eens,5,5,6,4,4,3,3,5,Een beetje eens,Een beetje oneens,Een beetje eens,Een beetje eens,3
2024-01-03 05:37:39,2024-01-03 05:44:25,IP Address,,100,406,True,2024-01-03 05:44:26,R_4Sug12TioMaohDh,,,,,,,anonymous,EN,Ja,2001,Man,vwo,,Waarschijnlijk,Onwaarschijnlijk,1 keer,1 keer,Niet mee eens,Niet mee eens,Neutraal,Eens,Helemaal eens,Helemaal eens,Helemaal eens,Helemaal eens,Helemaal eens,6,5,5,4,5,6,4,8,5,6,Eens,Niet eens,Neutraal,Neutraal,5,5,6,6,4,5,4,4,Neutraal,Mee eens,Mee eens,Niet mee eens,1
2024-01-03 11:00:19,2024-01-03 11:04:20,IP Address,,100,240,True,2024-01-03 11:04:21,R_82VoiyORY1gnfk4,,,,,,,anonymous,EN,Ja,1996,Man,Anders:,HBO,Heel waarschijnlijk,Heel onwaarschijnlijk,3 keer of meer,3 keer of meer,Helemaal niet mee eens,Helemaal niet mee eens,Helemaal niet mee eens,Neutraal,Eens,Eens,Neutraal,Eens,Eens,8,7,5,4,5,5,4,7,5,8,Helemaal eens,Niet eens,Neutraal,Helemaal niet eens,5,4,4,4,4,3,5,5,Mee eens,Een beetje eens,Een beetje eens,Neutraal,2
2024-01-04 04:31:39,2024-01-04 04:36:32,IP Address,,100,292,True,2024-01-04 04:36:32,R_2lzyS3uC49Go9TT,,,,,,,anonymous,EN,Ja,1996,Man,vwo,,Waarschijnlijk,Onwaarschijnlijk,3 keer of meer,0 keer,Mee eens,Helemaal mee eens,Mee eens,Niet eens,Eens,Eens,Helemaal eens,Neutraal,Eens,3,3,7,4,4,6,6,5,4,3,Helemaal eens,Eens,Niet eens,Eens,7,7,6,5,6,3,2,4,Een beetje eens,Helemaal mee eens,Helemaal mee eens,Neutraal,3
2024-01-04 05:15:21,2024-01-04 05:23:16,IP Address,,100,474,True,2024-01-04 05:23:17,R_2foCq5arQbbXDP3,,,,,,,anonymous,EN,Ja,1998,Vrouw,havo,,Neutraal,Waarschijnlijk,1 keer,1 keer,Mee eens,Mee eens,Mee eens,Neutraal,Niet eens,Eens,Eens,Neutraal,Eens,5,3,6,4,5,6,5,6,5,7,Eens,Neutraal,Neutraal,Neutraal,5,5,4,5,4,3,3,4,Neutraal,Een beetje oneens,Een beetje eens,Neutraal,2
2024-01-04 08:03:27,2024-01-04 08:08:18,IP Address,,100,290,True,2024-01-04 08:08:19,R_2jVVWvgt4YjrJk5,,,,,,,anonymous,EN,Ja,2003,Vrouw,vwo,,Heel waarschijnlijk,Neutraal,3 keer of meer,1 keer,Neutraal,Mee eens,Mee eens,Niet eens,Eens,Eens,Neutraal,Eens,Eens,3,2,4,3,5,6,4,6,6,4,Eens,Eens,Niet eens,Neutraal,4,4,6,5,4,2,2,3,Mee eens,Mee eens,Mee eens,Neutraal,1
